Type,Item Description,Vendor Link,Alternative Link,Unit Price,QTY (2XC),Total Price,QTY (2XM),Total Price,Note
Assembed Kit,ToddlerBot 2.0 Fully Assembled,https://shop.wowrobo.com/products/toddlerbot-2-0-assembly-version,https://item.taobao.com/item.htm?ft=t&id=970730280172,"$4,299",1,"$4,299.00",,,"Buy your own Jetson Orin NX 16G ($955), WiFi ($27.85). and Battery (~$50)"
Disclaimer,We are not affiliated with or endorse this company in any way. We have not tested or validated the product. Any such offerings are independent of our project.,,,,,,,,
,,,,,,,,,
Essentials (Highlighted are additional things to buy from 1.0 to 2.0),,,,,,,,,
"Motors
",DYNAMIXEL 2XC430-W250-T,DYNAMIXEL 2XC430-W250-T - ROBOTIS,,$298.89,2,$597.78,6,"$1,793.34",
,DYNAMIXEL 2XL430-W250-T,DYNAMIXEL 2XL430-W250-T - ROBOTIS,,$149.39,6,$896.34,0,$0.00,
,DYNAMIXEL XC330-T288-T,DYNAMIXEL XC330-T288-T - ROBOTIS,,$103.39,6,$620.34,6,$620.34,
,DYNAMIXEL XC430-T240BB-T,DYNAMIXEL XC430-T240BB-T - ROBOTIS,,$137.89,4,$551.56,4,$551.56,
,DYNAMIXEL XM430-W210-T,DYNAMIXEL XM430-W210-T - ROBOTIS,,$310.39,4,"$1,241.56",4,"$1,241.56",
,DYNAMIXEL XM430-W350-T,DYNAMIXEL XM430-W350-T - ROBOTIS,,$310.39,0,$0.00,4,"$1,241.56",
,DYNAMIXEL HN11-I101 Set,HN11-I101 Set - ROBOTIS,,$8.05,10,$80.50,8,$64.40,
,DYNAMIXEL HN12-I101 Set,HN12-I101 Set - ROBOTIS,,$20.47,4,$81.88,6,$122.82,
,,,,,$ of 2XC,"$4,069.96",$ of 2XC+,"$1,565.62",
Parallel Gripper,DYNAMIXEL XC330-T288-T,DYNAMIXEL XC330-T288-T - ROBOTIS,,$103.39,2,$206.78,,,
Computers,Jetson Orin NX 16G,NVIDIA® Jetson Orin™ NX 16GB AI Device - reComputer J4012,,$955.00,1,$955.00,,,Can replace with Jetson Orin Nano if budget is tight
,M.2 CB375NF Wifi Card,"Amazon.com: AW-CB375NF Wireless NIC, 2.4G/5GHz Dual-Band WiFi 5 Supports BLE, NGFF (M.2 A/E Key) Interface, for Jetson Xavier NX/Jetson Orin NX/Jetson Orin Nano : Electronics",,$18.36,1,$18.36,,,
,WiFi Antenna,Amazon.com: WiFi 6E Antenna IPX MHF4 Tri-Band 6GHz 5GHz 2.4GHz Internal Laptop Wi-Fi Antennas for AX200 AX210 1675X M.2 NGFF Card : Electronics,,$9.49,1,$9.49,,,
Sensors,FIsheye Camera,"Amazon.com: Arducam 1080P Low Light WDR Ultra Wide Angle USB Camera Module for Computer, 2MP CMOS IMX291 160 Degree Fisheye Mini UVC USB2.0 Webcam Board with Microphone, 3.3ft Cable for Windows Linux Mac OS : Electronics",,$49.99,2,$99.98,,,
,Phone Speaker,https://www.amazon.com/MMOBIEL-Replacement-iPhone-Plus-Screwdriver/dp/B079Z85L4N/ref=dp_prsubs_d_sccl_1/132-0833061-5290438?pd_rd_w=wlBqy&content-id=amzn1.sym.20285f2e-8a53-4f04-80ac-72a8e70f8611&pf_rd_p=20285f2e-8a53-4f04-80ac-72a8e70f8611&pf_rd_r=9V7JWEH51NJDYWQ4HVTC&pd_rd_wg=uNfgz&pd_rd_r=53bb4c4c-a21b-4321-ae0c-c34a34d57cc3&pd_rd_i=B079Z85L4N&psc=1,Mmobiel Loud Speaker Compatible With Iphone Se 2022 Se 2020 | Desertcart Brunei,$5.99,1,$5.99,,,
,Speaker Driver,Amazon.com: HiLetgo 3pcs M38 Wireless Bluetooth MP3 Audio Receiver Board BLT 4.2 mp3 Lossless decoder Bluetooth 4.2 Audio Receiver Board Wireless Stereo Sound Module : Electronics,,$7.99,1,$7.99,,,
,BNO085 IMU,"Adafruit 9-DOF Orientation IMU Fusion Breakout - BNO085 (BNO080) [STEMMA QT / Qwiic] : ID 4754 : Adafruit Industries, Unique & fun DIY electronics and kits",,$24.95,1,$24.95,,,
Hardware,M2*6 Pre-coated Screws,https://e.tb.cn/h.hFvWE8HfWc1pSka?tk=5rJm4l9H7bX,,$0.01,200,$1.80,,,It is recommended to replace all positions using this type of screw with pre-coated screws or you have to use the threadlocker 
,M2 Screw Kit,"Amazon.com: Kadrick 304 Stainless Steel Screws,660 Pcs M2 Screw Assortment,Button Head Socket Cap Screws Kit,M2x4mm,6mm,8mm,10mm,12mm,16mm Metric Bolts Nuts Washers Kit with 1 Hex Allen Wrench : Industrial & Scientific",,$8.99,2,$17.98,,,
,M2.5 Screw Kit,"705 Pieces M2.5 Screws Nuts Washers Set Black, Sutemribor M2.5 x 4/6/8/10/12/16/20mm Button Head Socket Cap Screws Nuts Washers Assortment Kit, 10.9 Grade Alloy Steel, Fully Threaded: Amazon.com: Industrial & Scientific",,$9.99,1,$9.99,,,
,M3 Flat Head Screw Kit,"565 Pieces M3 Screws Nuts Washers Set Black, Sutemribor M3 x 5/6/8/10/12/16/20mm Countersunk Head Socket Cap Screws Nuts Washers Assortment Kit, 10.9 Grade Alloy Steel, Fully Threaded: Amazon.com: Industrial & Scientific",,$9.99,1,$9.99,,,
,M3*8 Set Screw,50 Pcs M3x8mm Metric 304 Stainless Steel Hex Socket Set Flat Point Grub Screws Silver Tone for Towel Rack Door Knob （M3x8mm）: Amazon.com: Industrial & Scientific,,$6.99,1,$6.99,,,
,M3*10 Set Screw,50 Pcs M3x10mm Metric 304 Stainless Steel Hex Socket Set Flat Point Grub Screws Silver Tone for Towel Rack Door Knob （M3x10mm）: Amazon.com: Industrial & Scientific,,$6.99,1,$6.99,,,
,M4 Screw Kit,"iexcell 675 Pcs M4 x 6/8/10/12/16/20/25/30/35/40 Alloy Steel 10.9 Grade Hex Socket Button Head Cap Screws Bolts Nuts Washers Assortment Kit, Black Oxide Finish: Amazon.com: Industrial & Scientific",,$22.38,1,$22.38,,,
,M4 Long Screw Kit,iexcell 50 Pcs M4 x 40/45/50/55/60mm Thread Pitch 0.7 mm Stainless Steel 304 Hex Socket Head Cap Screws Bolts Assortment Kit: Amazon.com: Industrial & Scientific,,$9.58,1,$9.58,,,
,M3 and M4 Lock Nuts Kit,182 Pieces 304 Stainless Steel Lock Nuts,,$7.98,1,$7.98,,,
,Vibra-TITE 213 Threadlocker,"Amazon.com: Vibra-TITE 213 VC-3 Threadmate Threadlocker, -65 to 165 Degree F, 5mL Tube, Red : Automotive",,$6.55,1,$6.55,,,
,Bearing 683 10pcs,uxcell 683-2RS Deep Groove Ball Bearing 3x7x3mm Double Sealed ABEC-3 Bearings 10-Pack: Amazon.com: Industrial & Scientific,,$11.96,1,$11.96,,,
,Bearing 684 10pcs,684ZZ Bearing 4X9X4 mm ABEC-5 (10 PCS) Miniature 684Z Ball Bearings 684 ZZ 618/4ZZ Hobby Emax Motor Quadcopter L-940ZZ Bearing: Amazon.com: Industrial & Scientific,,$7.99,2,$15.98,,,
,Bearing AXK0414,1Pcs Plane Thrust Needle Roller Bearing AXK0414 0515 0619 0821 1024 1226 1528 1730 2035 2542 3047 3552 4060 To 5070+2AS 2Washers - AliExpress 13,https://www.amazon.com/uxcell-Bearings-Diameter-Thickness-Steering/dp/B0DQ8T13KV/ref=sr_1_1?crid=VNI94SPUMXT0&dib=eyJ2IjoiMSJ9.rFsQxgEm9JnaSa9PU3U_2VOC9KxY6Femaok2lP_myW7tJhNoihXE1aEB3BeDJHsr6CLQt17PnuocrIgwMVxhDFw7rmbPIkID9qK4HX9nI-9TKr1uW0feH1P8K8FblxSN6kU-fseK10-g1QN2tkcKTOs93RAcOizojgy8_KIFiuwRoLT8k6rXXKo2XNk-qP7Q5W_IGk2KEUGQ1ju1QPy0b2THkkXjWAQqZx2grfT22n0.bNuHjl66ibqEZrObb6oeDzIrjF3ifcq23tyzvBuUO8s&dib_tag=se&keywords=bearing+axk0414&qid=1757646289&sprefix=bearing+axk0414%2Caps%2C212&sr=8-1,$1.48,30,$44.40,,,
,Bushing 3*5*5 10pcs,"uxcell Sleeve Bearings 3mm Bore x 5mm OD x 5mm Length Plain Bearings Wrapped Oilless Bushings for Sliding Parts of Machinery, 10pcs: Amazon.com: Industrial & Scientific",,$5.99,1,$5.99,,,
,5mm Rubber Tape,https://www.amazon.com/dp/B0CJRMXN3F?ref=ppx_yo2ov_dt_b_fed_asin_title&th=1,,$16.99,1,$16.99,,,
Electronics,Step Down Power Converter 12V 4.5A,"Pololu - 12V, 4.5A Step-Down Voltage Regulator D36V50F12",,$34.95,2,$69.90,,,
,USB to Mirco USB Cable 0.5 Feet,https://www.amazon.com/CableCreation-Charger-Compatible-Chromecast-Android/dp/B0CGRG7F2Q/ref=sr_1_4?crid=265PO3EEKHKAR&dib=eyJ2IjoiMSJ9.U4RSil9ruXMgFIgljeY3Q6d_uBhvDFjSJuavpqbS0a9CPccKTcNFi6w6xIFghysD5FF1ucUbue65Uol_txCSUczuleAnfSNfjRnUnQFi32nCiq6t2YXtS2tUd8C32p2OrBPqVWygkD1hMjaN2W-qfZRsWQjCa9KC8EvKM110cMt-d3Uw7ETe_Joi8DH7ftzEl2n-fLhgzDdfndb-E1G9VbKxczgjQniwJQgmPcXtTlP9uefYME8XhywSN1Jbtnqu2efUztJlEFENbaIRdJAw-Msp-57H1AarZMtWFM6iv24.txPMcNRqqnKc4pNSQUga3a-wL4oIckjD4_QboVi79SA&dib_tag=se&keywords=usb%2Bto%2Bmicro%2Busb%2Bshort%2Bguides%2B0.5ft&qid=1727842141&s=industrial&sprefix=usb%2Bto%2Bmicro%2Busb%2Bshort%2Btguuds%2B0.5ft%2Cindustrial%2C130&sr=1-4&th=1,,$5.98,1,$5.98,,,
,USB to Mirco USB Cable 1.5 Feet,https://www.amazon.com/dp/B0773N757H?ref=ppx_yo2ov_dt_b_fed_asin_title&th=1,,$8.99,1,$8.99,,,
,USB Hub Port Splitter,https://www.amazon.com/dp/B088KBGRD9?ref=ppx_yo2ov_dt_b_fed_asin_title,,$6.98,1,$6.98,,,
,Jumper Wire,https://www.amazon.com/EDGELEC-Breadboard-Optional-Assorted-Multicolored/dp/B07GD2BWPY/ref=sr_1_1_sspa?crid=1RYVGD1NRVV4P&dib=eyJ2IjoiMSJ9.I3nSspk5onl8Jong0G-0EdlCOAcGGAhXlYrx1LZqfMIcXJU8J0Uc7OTwu9IP6xCFgwYQcGn_m9BB44wYC2uzwdMJ0IBM3Kmg1LGYYRFzuzSulm8aZVuDw6ximYGTLDUGdFW1ck6P1DY98KwbzuDLWsMk5FMFBpK1HHiwUlMf7pn7By2a2OWD4uYZh5WYVPDFXCg25BudygZvNhqKuBuoDeYlyXyDBRPWctpKCqDG4Aeda6Vp8M3xYbHGdGLuDMiNNNF2QfaUQvupS5evFbGRWGTXvhRvlTYD4LZG_AcGh20.kNK6ui74Y_0AIL8537cO_3tSd4YwpnxiVf78Ac_ESB0&dib_tag=se&keywords=jumper%2Bwire&qid=1737933139&s=industrial&sprefix=jumper%2Bwire%2Cindustrial%2C170&sr=1-1-spons&sp_csd=d2lkZ2V0TmFtZT1zcF9hdGY&th=1,,$6.98,1,$6.98,,,
,JST EH Cable,https://www.digikey.com/short/523wz1nj,,$0.38,10,$3.82,,,
,JST EH Housing,https://www.digikey.com/short/zqh51b3r,,$0.05,25,$1.17,,,
,5 Pairs of XT30 Male and Female Plugs,https://www.amazon.com/dp/B09LYHHS9J?ref=ppx_yo2ov_dt_b_fed_asin_title&th=1,,$9.99,1,$9.99,,,
,XT30 to XT60 Male Female 4 pcs,https://www.amazon.com/dp/B07XDTJJLV?ref=ppx_yo2ov_dt_b_fed_asin_title,,$8.99,1,$8.99,,,
,Barrel Jack Connector,https://www.amazon.com/Terminal-5-5mm%C3%972-5mm-Connector-Surveillance-Repairs/dp/B0FD9BK96H/ref=sr_1_3?crid=2F60NRDVLQPN7&dib=eyJ2IjoiMSJ9.5-G1RnXb87venjWf1jH2ygWZ4tvB5PdrSL1sZxrN_hDwu2hs_dU5f8KJHmaYSy3I2IXRdAn4B5ooT1mlo_f10GgDqXtAaUF6wR2L6WyrKEeRkr_Aty5mDEuctcO3DF67v6KQEoaUOnA6C4trr8NaRv6-ej-v7n5RLCqsb3TTLhyurho1CURIjAmWk4_7vRCj4Y5HfneOxgu8rN6OJGvvlOY53k4IR6QTTd6qeyDHTvw.NXN3J4bQA4db7vwxH7e0T3X0eR2TacAX_gzFS37jvYc&dib_tag=se&keywords=barrel%2Bjack%2B5.5mm%2F2.5mm%2B(aka%2BDC5525)&qid=1772521825&sprefix=barrel%2Bjack%2B5.5mm%2F2.5mm%2Baka%2Bdc5525%2B%2Caps%2C197&sr=8-3&th=1,,$9.49,1,$9.49,,,
,Rocker Switch 5 pcs,https://www.amazon.com/dp/B0C53HD8J7?ref=ppx_yo2ov_dt_b_fed_asin_title&th=1,,$5.99,1,$5.99,,,
,2000 mAh Lipo Battery,https://www.amazon.com/dp/B0912XDRZJ?ref=nav_signin&ref_=cm_sw_r_cso_cp_apin_dp_K0YA12RK2VJD3VX9DEYQ_1&social_share=cm_sw_r_cso_cp_apin_dp_K0YA12RK2VJD3VX9DEYQ_1&starsLeft=1&skipTwisterOG=1&th=1,,$49.99,1,$49.99,,,
,Lipo Battery Voltage Tester,https://www.amazon.com/dp/B07DC3LH9C?ref=ppx_yo2ov_dt_b_fed_asin_title,,$12.95,1,$12.95,,,
,Lipo Battery Balance Charger,https://www.amazon.com/dp/B09XC91BWJ?ref=ppx_yo2ov_dt_b_fed_asin_title,,$31.99,1,$31.99,,,
,14 AWG Power Extension Cable,https://www.amazon.com/Electrical-Conductor-Flexible-Parallel-Extension/dp/B088RDY284/ref=sr_1_4?crid=2SOVP35WN176N&dib=eyJ2IjoiMSJ9.rppuY68xdvrdrwBSW6ZDhgt3ycxmtZugSrSZ5mKwunA-xdD8tLj1Bni16MADIRdcbx8VsNOFDZzLm3j6-Iu60RcNV_P9kVL0fH7I3DrClzb94tNGcjnnQ832wjXC0aJ-qn35ZhtS-EyIusXxESXZR76l_t0OTtSmeM7WRFRiC_uyCh5xgyd1Ug9Zot1Xz-ha4vu6se5h69qW5T0slAjoHZfMLDUo8dhUsRTACv0eXGLMarSRxiV2pNLVJGa-Xohsa4AJJYFppJOXr3la3bM52_xAFM7rk1O66Rh5lp9Rava-qQXUTIEE3JFSWfltvq7bk2aN2thwyTkQzLSOgYL7vJAc6BawkFhj2Zhje6Xcbks.Yc3mgM3EtdHqYM5pnWNfMOObBFWlDdpFtZsrUYJtA7g&dib_tag=se&keywords=100FT%2B14%2F2%2BGauge%2BRed%2BBlack%2BCable%2BHookup%2BElectrical%2BWire%2C%2B14AWG%2B2%2BConductor&qid=1738573061&s=industrial&sprefix=100ft%2B14%2F2%2Bgauge%2Bred%2Bblack%2Bcable%2Bhookup%2Belectrical%2Bwire%2C%2B14awg%2B2%2Bconductor%2Cindustrial%2C143&sr=1-4&th=1,,$17.49,1,$17.49,,,
Materials,PLA-CF 1KG,https://us.store.bambulab.com/collections/carbon-fiber/products/pla-cf?variant=41003202248840,,$34.99,2,$69.98,,,
,PLA 1KG,https://us.store.bambulab.com/products/pla-basic-filament,,$19.99,1,$19.99,,,
,,,,,,"$5,727.94","$7,293.56",,
,,,,,,2XC,2XM,,
Tools,,,,,,,,,
3D-Printing,Bambu Lab X1-Carbon Combo 3D Printer,https://us.store.bambulab.com/products/x1-carbon-combo,,"$1,449.00",1,"$1,449.00",,,
,Bambu Smooth PEI Plate,https://us.store.bambulab.com/products/bambu-smooth-pei-plate,,$37.99,1,$37.99,,,
,Liquid Glue for Build Plate,https://us.store.bambulab.com/products/liquid-glue-for-build-plate?_pos=2&_sid=7c0e9c004&_ss=r,,$16.99,1,$16.99,,,
,Anti-vibration Foot,https://us.store.bambulab.com/products/anti-vibration-feet-for-p1p,,$10.99,1,$10.99,,,
Power,30V 10A Power Supply,https://www.amazon.com/Programmable-Precision-Multiple-Protection-Software/dp/B0928LX2D1/ref=sr_1_28?crid=1VEM9Z6VQ74GV&dib=eyJ2IjoiMSJ9.GSFAAMOvhrCf3MbGOtDPyoYir5gEoj1BaGGfeOYL_ULGjHj071QN20LucGBJIEps.-5hNfIryb7Lckm_QEGRcdGCaQ8BLc-fIKNd040I0bzI&dib_tag=se&keywords=digital%2Bdc%2Bpower%2Bsupply&qid=1727842316&s=industrial&sprefix=digital%2Bdc%2Bpower%2Bsupply%2B%2Cindustrial%2C135&sr=1-28&th=1,,$119.99,1,$119.99,,,
,Banana Plug Cables,https://www.amazon.com/Sumnacon-Multimeter-Crocodile-Alligator-Stackable/dp/B071SL6PQS/ref=pd_bxgy_img_d_sccl_1/147-9037378-6374821?pd_rd_w=MjarT&content-id=amzn1.sym.839d7715-b862-4989-8f65-c6f9502d15f9&pf_rd_p=839d7715-b862-4989-8f65-c6f9502d15f9&pf_rd_r=0SRB716VNAMCEJWJHTRA&pd_rd_wg=pi1IR&pd_rd_r=0218e540-c617-4a6c-ad45-4a9ba90a469a&pd_rd_i=B071SL6PQS&th=1,,$9.99,1,$9.99,,,
Hardware,Screwdriver Kit,https://www.amazon.com/dp/B0BLMQ8BXB?starsLeft=1&ref_=cm_sw_r_cso_cp_apin_dp_RDJBS7WAX5ERNPW5P4YK,,$64.99,1,$64.99,,,
,Precision Screwdriver Kit,https://www.amazon.com/HOTO-Screwdriver-Precision-Rechargeable-Electronics/dp/B09MR5HFPB?ref_=ast_sto_dp,,$29.99,1,$29.99,,,
,Allen Key Set,https://www.amazon.com/Edward-Tools-Piece-Short-Wrench/dp/B09PC433HS/ref=sr_1_7?crid=3I9XH54X7VALF&dib=eyJ2IjoiMSJ9.QOqDT66xdwtGzvBR4FSUX2VMpMWMYBGqbwcFt-zrcxpFv9vUnd8WGpsZSuRHr-80E-YDpa9NoEDbjOMatHn61XeyVM6QCJJdCO0_kXbkUlw6Efkn2uolq6RGKbFwwmvbSM41drnht8Ua1M4lmI1qsVIzCPcfB9fQGfWWXoFMd2mv3om3YhgFGcw9if71D1nJD6q1d8Fm3ZZ9ARemAhAwhAqO6eA8lfuJ17Sa3zrjNZWw_NSkGe6nuH1fLTP_kiX3PPMnqz4hsnavc6LaNffL6mxE-T4kpB45Xm7l50JJlm71OLdUpKxfk26f2Ro9FL2OXoB7Ypn-pqZvt498p8F5QeyjMBJ0Crdr0vOC-nVa-Dk.8wuI1o_hk71IbmptIMwK4aq17Ytg_qiN1lQMOTgPb0o&dib_tag=se&keywords=allen+key+set+short&qid=1737934656&s=hi&sprefix=allen+key+set+shor%2Ctools%2C219&sr=1-7,,$6.95,1,$6.95,,,
,Pliers,https://www.amazon.com/Professional-Cutters-Diagonal-Repairing-Crafting/dp/B07R8JLJVR/ref=sr_1_17?crid=3THJCRSFCVPKC&dib=eyJ2IjoiMSJ9.A9R_gdtQ80zowyvP23hdzUedGcKnLPYeLy9LNXuWaRA5ApTT7QScZrR0s6tQ6OVmp-7ddWKH-0mbl6aZ21eBPfz-NwBlDZh6zKb_z6UOGhMCwzorjyrPcXC8IP0429gpioYUjkax7F_REOiM7101pqpDenNuk6ndblzPXf-BA4300w0pw3rxGbWH3plEt63eChf5svlOqz07UqEYEHMWmTHz0eRggbarsyTcdfO34-i7epj-8Z1NnnOARVsI1Gtvka5FIHMVpA6ehplC74Ms3ZO3XBJso30U5ED9wrrsMak.VzCoTG4byxzrUxvdQryVkZ5U81rLnURrpGGQUty8UMg&dib_tag=se&keywords=precision+pliers&qid=1710796385&sprefix=precision+pliers%2Caps%2C158&sr=8-17,,$32.35,1,$32.35,,,
,Caliper Digital,https://www.amazon.com/Measuring-Stainless-Micrometer-Fraction-Household/dp/B0BF9LW56V/ref=sr_1_3?crid=3CZ258SFWS5H4&dib=eyJ2IjoiMSJ9.l_rkEqW0UT64XiuWX4z8dpef6oZBk7soVlpaVFiPdwjAQ-0QIFbKk87k1FAci5rZUcNBmxjjVydGHAZjR-ettViEqY-4EECeedw3HRxt25ipdaGUQxTSlMMwUpoLuG3D9Fk07EyO03JI7E2j4_djysYHbHy8bqWkAOwLJ2xTrcLEwJ9gbnEtW2YM0NuZOLZVabESh0I87_qzV-qY1I32GGAyB7rxxNxAeJvzGs0Mb2w.4yQs0b-ETb1fjKpQqzjRiyH6ggM8dAmUHsJ-txZxkww&dib_tag=se&keywords=Digital%2Bcaliper&qid=1710625415&sprefix=digital%2Bcaliper%2Caps%2C154&sr=8-3&th=1,,$29.98,1,$29.98,,,
,Double Sided Tape,https://www.amazon.com/BYUEE-30-Yards-Adhesive-Scrapbooking-Wrapping/dp/B07MZQC1T2/ref=sr_1_8?crid=3996905MZK1DW&dib=eyJ2IjoiMSJ9.62tqSyaGLDgnuCh0lRId4QUoOCgo39K85qTmyWq-oXKqwMHtRnRMqp1COZpNTGxyFiVyZWmj6L9dx18G1DjauKKVPd6zyipvZf4hgZcxdxsEGWuu6lCoIfpTMpXaqQhHelGd4_FCP5qpxf-mzAaXeczKbwL1HLryivyRGLVIrqbBaYgW0J55zanpogf873OLnGjPk0I6j-cvx4KTkrOWHUNzmCe06pc83Y9Co-YO1kQPLPxMIRlAkjUb46jtlyYoSl97wrgLwwz7zIzHyD_NBwoKAJUS_9yX291JNes2V2w.2q1i_x5IWh7-wySjVAtP9zvVS62K-njhtudhY-0RoDA&dib_tag=se&keywords=double%2Bsided%2Btape%2Bthin&qid=1731304721&s=hi&sprefix=double%2Bsided%2Btape%2Bthin%2Ctools%2C170&sr=1-8&th=1,,$9.99,1,$9.99,,,
Soldering,Automatic Wire Stripper,https://www.amazon.com/VCELINK-Automatic-Stripper-Professional-Adjustable/dp/B08G48R47N/ref=sr_1_12_sspa?crid=18OUIUHXFJC71&dib=eyJ2IjoiMSJ9.dz2NFdq5AMM6e03TI3wLk80veI6Nb3n1-DkE9N7qTJ5caJu4-Mn2bRayPOlO2ZHOH-NTbeoH76kRp47ZfKsEvmF6oYlr1fQccm7d9rWqPZpJj2oLwIKzScGd-7rIV6IWFiVHFbfSrQgzUPtsIOdXGxel4oh6zKB52Vr7TWXVv62IbQYA1VS1JjhVLljhDSwx2wpJAx-TOev2snCSL5BvIYkgkFDTRvB5yqlr5yOqBGNHDuR79ucaXTRvtFG65a0AfHNtSCwS9xN31ajXC28WkEBYWw566xrgN0F_bbKnqT0.oP43OdIPh6tPIdVdRAlNcJr_ftH2ydZTUcdiIGqHjjU&dib_tag=se&keywords=cable%2Bstripper&qid=1738573249&sprefix=cable%2Bstripper%2Caps%2C274&sr=8-12-spons&sp_csd=d2lkZ2V0TmFtZT1zcF9tdGY&th=1,,$9.99,1,$9.99,,,
,Soldering Tweezer,https://www.amazon.com/Precision-Anti-Static-Electronics-Sodlering%EF%BC%8CJewelry-Laboratory/dp/B0BHP5S82C/ref=sr_1_1_sspa?crid=291KQ280YLKDE&dib=eyJ2IjoiMSJ9.-a9KT1ELIX7rf4ozhvHqPh5GSYRSeT0AKJFVzLhZqC14c9TlXzhWF5bqEq7sR_EVDaJBoMlvx5fLUNafH0WHZkia_r4O_egxgdZLuTC_bP2CyrttNyRQvh9yaytzyPg7zrEwU_QDslAzyteRuEb8iwtjzGVhWN9MzIYmJ3lABGc_Ul4pqq5rSG5eB3y-nZMqBbXXoV-1m-9QRUn3w8fxxnEkkjNfESkRhgHd752ARWamwjQETEMlPJ1N8SQ0MSsllCO455aWq5nRo4dYF2E9MS6-M3o-fhqV2ZL1e5AsNsI.l3rIUm5eqdrvwVkb2on4MOwvEPKIgU0jtPIxLH0zP5g&dib_tag=se&keywords=tweezer%2Bsolder&qid=1710654732&sprefix=tweezer%2Bsolder%2Caps%2C148&sr=8-1-spons&sp_csd=d2lkZ2V0TmFtZT1zcF9hdGY&th=1,,$5.99,1,$5.99,,,
,Soldering Brass,https://www.amazon.com/Weller-WLACCBSH-02-Soldering-Cleaner-Silicone/dp/B08FQBS97L/ref=sr_1_1_sspa?crid=3SBTRQ60M1JAX&dib=eyJ2IjoiMSJ9.7HS_h2MOGPtjxHiO7U-PvBPQweWt_anYgMOBXJKWFf32sCRZuE8rw60Uci3YKzlBSaRbFst9cDjR5KahXI0pyc8p8C2Ppsjx6WzUgzzaemd_N4xUI5HQDZ71FYWpA-JlZNgZDEuibjYwrtgsUQl2ICRipNbyV5rCssHHm2Fz0YpYRCd0aMLQ4l4V1oAv0je6Y1NwB4DXM6q5bTCb0irWc6AmntxjDQNL0xDnPmNABHuzG30RPUIObJLFVWJz-JN-tXpPh4Z6C1LlXmycv7z6vdGbrB-UnyNRbGk_aQaoI_E.igeWcfaEOEiHlHw2rLfG_oxCRm6hpSCoiVyLcKpATjc&dib_tag=se&keywords=solder%2Bcleaner%2Bbrass&qid=1710654858&sprefix=solder%2Bclearn%2Caps%2C151&sr=8-1-spons&sp_csd=d2lkZ2V0TmFtZT1zcF9hdGY&th=1,,$11.97,1,$11.97,,,
,Soldering Station,https://www.amazon.com/gp/product/B07XC9VV2C/ref=ppx_yo_dt_b_search_asin_title?ie=UTF8&th=1,,$69.99,1,$69.99,,,
,Black Silicone Repair Mat,https://www.amazon.com/gp/product/B08RXMDKWX/ref=ppx_yo_dt_b_search_asin_title?ie=UTF8&th=1,,$8.53,1,$8.53,,,
,Heat Shrink Tube,https://www.amazon.com/Ginsco-580-pcs-Assorted-Sleeving/dp/B01MFA3OFA/ref=sr_1_3?crid=43XKJ1YVOEK4&dib=eyJ2IjoiMSJ9.afAtOFc0AWv7IewHnY-SsrP5q0gjhaeFyGoua3fAno4labJK5-d6L-_fBrMVcN0vvcE_zPv9DmmeQ3P0sIKinFBdKCox4IxPh9l58_b90CD0o2EmRxl7MGSArbrdAog8iZ0rcZHqkl96tvjYLXIrgjtUnd-pPT2DQU_p8Wwf5gLA4lBD0BzKLi5WUxvCPvUuOY3lqqFVwXncQYqppNe3HeSJ5ClxfQfWlqCzGgu7Mx4.wvg7WH3AE9_vHhxyLkJDgljIhq3jjK6cvmlzLRNnSeA&dib_tag=se&keywords=heat+shrink+tubing&qid=1737934827&sprefix=heat+shrin%2Caps%2C252&sr=8-3,,$6.99,1,$6.99,,,
,Heat Shrink Butt Connectors 100 pcs,https://www.amazon.com/gp/product/B07GDDKJ1D/ref=ppx_yo_dt_b_search_asin_title?ie=UTF8&th=1,,$9.49,1,$9.49,,,
,Helping Hands Soldering,https://www.amazon.com/gp/product/B07MDKXNPC/ref=ppx_yo_dt_b_search_asin_title?ie=UTF8&th=1,,$23.99,1,$23.99,,,
,60/40 Tin Lead Solder Wire,https://www.amazon.com/gp/product/B07BGTSWYB/ref=ppx_yo_dt_b_search_asin_title?ie=UTF8&th=1,,$9.99,1,$9.99,,,
,,,,,,"$1,976.13",,,
,,,,,,,,,
Additional Features,,,,,,,,,
Safety Stand,20 Set 4040 Connector,https://www.amazon.com/4040-Connector-Corner-Reinforcing-20/dp/B0BS6MG9D5/ref=sr_1_1_sspa?crid=1DG0MET0K366U&dib=eyJ2IjoiMSJ9.Ge-xRkocDU9AxBHuXxM1VcLQKp7TMHDpTNOJWPxKoBMhsp5W_9MIwjJ1WoItJ550Xcz7uV1KSEOLeOs2YoskBHCIdH0jFfQ9l2DhZr_Ur1RJScrFTVOsOuQRpkAwTeNnCKnvGYSEz8Wry2s88W4_qii7S21DIQPaeCmaIyMSiNhkfcc4PoVnAxQS7jGQ51SBaDH77ix9zwzEZIsdjnqDuicJvLAVNjn8VbN5y1suiuM.bdX6LRMAi4L1dK92LhPJBJPHuWh734OG1KDjJMB0PE4&dib_tag=se&keywords=20%2BSet%2B4040%2BConnector&qid=1738372733&sprefix=20%2Bset%2B4040%2Bconnector%2Caps%2C219&sr=8-1-spons&sp_csd=d2lkZ2V0TmFtZT1zcF9hdGY&th=1,,$24.99,1,$24.99,,,
,4040 Aluminum Extrusion 500mm,https://www.amazon.com/Seekliny-Aluminum-Extrusion-T-Slotted-Accessories/dp/B0CP1XF8XM/ref=sr_1_1_sspa?crid=9E67O5VPVKB5&dib=eyJ2IjoiMSJ9.I5MbF9pxHjPlwv3lgQiE1P8mzqp3L-kiRpj42TurRFxEnvVU_5BgRI_HoKvBFd86ee0bVntkMcPArc6s-2dfILzMzmC42oiU3rKaQk2q3W7tuM35ajfou2L6oGcYGcAs-hlerzeK_cZfLTlSNAGLOwEvu2dsUXx4s9qaVGQWXp2I_HJ4IzeVts1KMesw1Boa5-VE_PtTs9kiJmXV-i13m9rbhYqvrBmwMwxYqIC3iAU.9WpiLlNsqAaED8wCKq25LVCeIe07L5O844Df2wvfGA4&dib_tag=se&keywords=4040%2Baluminum%2Bextrusion%2B1pc&qid=1738365050&sprefix=4040%2Baluminum%2Bextrusion%2B1pc%2Caps%2C157&sr=8-1-spons&sp_csd=d2lkZ2V0TmFtZT1zcF9hdGY&th=1,,$55.99,1,$55.99,,,
,M5 T-Nuts Screws Kit 200pcs ,https://www.amazon.com/Aluminum-Extrusion-Hexagon-Sliding-Washers/dp/B0C4JTL1MP/ref=sr_1_7_sspa?crid=17UQQUAW3ADJI&dib=eyJ2IjoiMSJ9.STkkBYxj5nXqEqf-j3kkcV39ECbOO83TbJ4YZYd8D3WWSQPuIeO3KXjNL1wgj3vyJABKVzL6j6ZAshEeY012lUnweWhcMo5AzkkOmbVTYc9ZipuviNA11x1ZMe7Eez2ewGRXisDRRLLMbkgcwBdfsHHIKVtwysFYAoWc3gRfY2gNUrEMD6rfJXm460M0BvJ8W28tuDLqIvOSaI8JRgfYcy6chQiyFRsHYGhlLPdMrtA.5eJxZCmh0U9xGzoGvp_x-QHOSvn-Qkmb1NXjMS2MAio&dib_tag=se&keywords=2020%2Bseries%2Bm5%2Bsliding%2Bt%2Bnuts&qid=1738372645&sprefix=2020%2BSeries%2Bm5%2Caps%2C139&sr=8-7-spons&sp_csd=d2lkZ2V0TmFtZT1zcF9tdGY&th=1,,$13.99,1,$13.99,,,
,2020 Aluminum Extrusion 100mm,https://www.amazon.com/European-Standard-Anodized-Aluminum-Extrusion/dp/B09JSN97Y9/ref=sr_1_3?crid=1Z3GBJWAHAG7O&dib=eyJ2IjoiMSJ9.tipcGPZaiGsYWRIZBogqVZkA627UtF-bhsNOU8rbzyg4w-4gsm42wkKWJLImNjXqGqS3nNNfy797r-pqu7Jgh9V-uvZn68HBnR5V-BcOZDAwu28RhUSXpwLaxkoj8iJq16zPfAA2Dyou03horbQTGGBovJ_haFJUnQQp12Ojr-5bV7c1N62-gNdqN2E-WyOmdy5lC_2_pZZxkhDJlRnXTlDAvFVJ5Yk0lR795mtGJeU.av_0alfMoq6a8-FbbZ_ochj0_eNr3q9iMNbnewIPq1Q&dib_tag=se&keywords=2020%2Bextrusion%2B100mm&qid=1738372819&sprefix=2020%2Bextrusion%2B100mm%2Caps%2C189&sr=8-3&th=1,,$18.99,1,$18.99,,,
Teleoperation,DYNAMIXEL 2XL430-W250-T,https://www.robotis.us/dynamixel-2xl430-w250-t/,,$129.90,6,$779.40,,,
,DYNAMIXEL XC430-T240BB-T ,https://www.robotis.us/dynamixel-xc430-t240bb-t/,,$119.99,2,$239.98,,,
,Dynamixel U2D2 USB Comm Module,https://www.robotis.us/u2d2/,,$32.10,1,$32.10,,,
,Dynamixel U2D2 Power Hub Board Set,https://www.robotis.us/u2d2-power-hub-board-set/?srsltid=AfmBOorqr2W_TiaY-FTKoh5u3evm1mb-_V--NK_BizxAXwZzdGcWUiGB,,$19.00,1,$19.00,,,
,Breadboard Kit,https://www.amazon.com/ELEGOO-Breadboard-Solderless-Breadboards-Electronics/dp/B0CYPVMK9J/ref=sr_1_9?crid=3HCILZ7OQN6DR&dib=eyJ2IjoiMSJ9.b1ZeHUlkFSvPfix-RdR1hml-qYlLWfFEdQlzxiQ3vZB2RqfZyycEgk3-VH6-oyRtQSNZtekesYIoka5oLp7G6n98sA95rx7Lsi1zpU0yf0GMwi_i-JIg4UER1bmwwEuBGunsenE5UqyDfQZYhQ2ves8mcL9NaqJxqj7P0QXmuJbOqbHfw88tL5vjHgNOR8vABwU5KnLiiaDrTCEn3-tU5m62BQ-7a5v5IFV9hQ_sTzS1wp9REJk8Sy7eM74-nHyoIgXo0My_wlwX-G58jBQ2eXbxxktyAuWFWlwpP-aJDcA.6UwZY3eFdIbFxrBz1qXc43YtjWIzYoUyCkSJpGjbWm8&dib_tag=se&keywords=bread+board&qid=1723145385&sprefix=bread+boar%2Caps%2C144&sr=8-9,,$6.99,1,$6.99,,,
,LilyGo T-Display S3,https://www.amazon.com/dp/B09J112YR7?ref=ppx_yo2ov_dt_b_fed_asin_title&th=1,,$27.50,1,$27.50,,,
,Round Force Sensitive Resistor (FSR),https://www.adafruit.com/product/5475,,$4.46,2,$8.92,,,
,Resistor Kit,https://www.amazon.com/BOJACK-Values-Resistor-Resistors-Assortment/dp/B08FD1XVL6/ref=sr_1_3?crid=35SCE5A556UK5&dib=eyJ2IjoiMSJ9.HDBbky-6Kjku9CW9EH5ql22hd_MQFsWK3wPfJi4PblWknX6HWa4rfBePVcVoQM_jew5muVz2gzkbgKNiBt6JuS41D3XGgsoY0DN0ykccx_VHSj0DVhf3Gzf6scUTgqY0b7qJO17Yiq1u1XXm9-LWoXf5A8lbLrJ3PQvV29ImlekfTye6emPv93zlmCWu63cS5hvSchtvCc3d984vMBT-okwweAJ64MEc1HfKJUBIDrv11MwELx2G_Zbe-6QcG1lyomR-_5wjTrWUQ8ZhVSqKyopUZocbU_Poq1KwHj_jRaw.A7S5k8pUjkjPriHgaUYLPnElWmdYu6ZCSeQkszGwzJA&dib_tag=se&keywords=resistors%2Bassortment%2Bkit&qid=1710652327&s=industrial&sprefix=resistor%2Cindustrial%2C149&sr=1-3&th=1,,$9.99,1,$9.99,,,
,E stop Switch,https://www.amazon.com/dp/B09B2441R7?ref=ppx_yo2ov_dt_b_fed_asin_title,,$6.99,1,$6.99,,,
,Rog Ally X,https://www.bestbuy.com/site/asus-rog-ally-x-7-120hz-fhd-1080p-gaming-handheld-amd-ryzen-z1-extreme-processor-24gb-with-1tb-ssd-black/6583218.p?skuId=6583218,,$900.00,1,$900.00,,,
Battery,21700 Cell,https://mabdelectronics.com/products/samsung-21700-50s-25a-5000mah-battery?variant=44357994479862&currency=USD&utm_medium=product_sync&utm_source=google&utm_content=sag_organic&utm_campaign=sag_organic&cmp_id=20308645334&adg_id=&kwd=&device=c&gad_source=1&gclid=CjwKCAjw5mwBhBtEiwAFHDZx6hriZlmc_Q6T8jg8UVxz_LJ8z9YC9bO20Di5tjcPy2IE5Kj4H8wexoCHgUQAvD_BwE,,$8.49,6,$50.94,,,
,21700 Battery Holder,https://www.amazon.com/dp/B0BSDC7L9T?ref=ppx_yo2ov_dt_b_fed_asin_title,,$12.99,1,$12.99,,,
,JST XH balancing plug,https://www.amazon.com/Connector-pre-crimped-Housing-Adapter-Compatible/dp/B08G188ZQ8/ref=sr_1_1?crid=RWIBKRTBC7SG&dib=eyJ2IjoiMSJ9.JzKW86pxNhe1eSdbGNfwP9HDMG2zdUa6-O5FcY8FOIBmLjGzyJXWw00H4BXUTcjC_GaH4Mk6nP7IkOnUnlknjBIVdZXhT0wrCe-W-cwCMD2J-mK3UmDPpPJxuqPtlrK0pIZTHQyuH8MFPbYIgMgRrHJKI_AqdqtpMvPCBnsMot5korqQ7ezkxnntxHkTLXx4RR_TDfBeYIubJSoPBFEefLKoYW2ywwrhFwCG--j1kIM.PIxvf3xX1Db6PnuSmNqNfy5JhEGSa1ReQuOjxJUhOg8&dib_tag=se&keywords=jst%2Bxh%2Bprecrimped%2Bkit&qid=1756096992&sprefix=jst%2Bxh%2Bprecrimped%2Bki%2Caps%2C196&sr=8-1&th=1,,$16.99,1,$16.99,,,
SysID,Portable Bench Clamp,https://www.amazon.com/dp/B09ZKF5WR7?ref=ppx_yo2ov_dt_b_fed_asin_title,,$26.98,1,$26.98,,,
,,,,,,"$2,252.73",,,