part_id,fusion_name,material,mass_g,volume_cm3,bbox_x_mm,bbox_y_mm,bbox_z_mm,com_x_mm,com_y_mm,com_z_mm,ixx,iyy,izz,ixy,ixz,iyz,ixx_origin,iyy_origin,izz_origin,ixy_origin,ixz_origin,iyz_origin,notes
3DP_arm05_RS02_shaft_bearing_retainer,3DP_arm05_x4_RS02_shaft_bearing_retainer,Nylon 12 (with Formlabs Fuse 1 3D Printer),70.6,69.6,79.5,79.5,45.5,0.0,-89.999,-110.234,44008.0,43805.1,60046.4,0.0,0.0,-244.3,1473753.6,901703.5,631893.7,-0.0,-0.0,-700663.4,
3DP_arm06_RS02_shaft_coupler,3DP_arm06_x4_RS02_shaft_coupler,Nylon 12 (with Formlabs Fuse 1 3D Printer),,63.67,40.0,55.0,71.2,0.0,-90.0,-135.64,,,,,,,,,,,,,"the 2 Fusion copies of this part differ in centre of mass (`3DP_arm06_x4_RS02_shaft_coupler` -0.0 × -90.0 × -136.729; `3DP_arm06_x4_RS02_shaft_coupler~2` 0.55 × -87.676 × -135.196): values are of `3DP_arm06_x4_RS02_shaft_coupler`; Fusion component `3DP_arm06_x4_RS02_shaft_coupler` carries 6 child component(s): its CAD mass (67.5 g), bounding box (40 × 55 × 71.2 mm), centre of mass and inertia include them, so no own mass or inertia is in this export; size, volume and centre of mass are of the component's own body, from the STL"
3DP_arm11_wrist_roll,3DP_arm11_x2_wrist_roll,Nylon 12 (with Formlabs Fuse 1 3D Printer),72.1,75.85,68.6,47.1,122.3,0.0,-1.034,-61.501,89203.3,104425.8,34756.8,0.0,0.0,-5078.5,361989.5,377134.9,34833.9,-0.0,-0.0,-9663.5,STL bounding box 68 × 42 × 122.3 mm differs from the Fusion bounding box 68.6 × 47.1 × 122.3 mm: check the component for a hidden body
3DP_arm14_wrist_block,Component5,Nylon 12 (with Formlabs Fuse 1 3D Printer),138.0,135.89,71.9,68.0,131.1,15.237,-87.054,-421.19,185325.4,214026.0,83112.1,2681.7,-55632.8,8907.5,25712484.7,24727405.2,1160970.1,185730.7,830005.9,-5051038.3,inertia about the centre of mass carries up to ±9261 g·mm² from the 0.1 g mass rounding in the export (centre of mass 430 mm from the component origin)
3DP_arm15_end_effector_attachment,v15_right_end_effector_attachment,Nylon 12 (with Formlabs Fuse 1 3D Printer),130.2,128.28,66.0,55.5,98.0,0.0,-108.171,-472.592,121195.4,122723.1,54560.7,0.5,2.2,26860.0,30723945.5,29202007.5,1578026.4,0.5,2.2,-6629061.6,inertia about the centre of mass carries up to ±11752 g·mm² from the 0.1 g mass rounding in the export (centre of mass 485 mm from the component origin)
3DP_armP01_elbow_cover_a,Component38,elbow_protection,6.1,7.67,43.8,31.3,78.2,-29.965,-96.73,-215.4,5906.3,5868.9,1661.7,-69.4,852.1,-500.0,346004.8,294368.8,64214.7,-17750.3,-38520.1,-127597.4,inertia about the centre of mass carries up to ±2833 g·mm² from the 0.1 g mass rounding in the export (centre of mass 238 mm from the component origin)
3DP_armP02_elbow_cover_b,Component39,elbow_protection,6.1,7.67,43.8,31.3,78.2,29.965,-96.73,-215.4,5906.3,5868.9,1661.7,69.4,-852.1,-500.0,346004.8,294368.8,64214.7,17750.3,38520.1,-127597.4,inertia about the centre of mass carries up to ±2833 g·mm² from the 0.1 g mass rounding in the export (centre of mass 238 mm from the component origin)
3DP_armP03_shoulder_cover_a,Component40,shoulder_protection,7.9,19.84,11.5,46.6,82.3,38.304,-90.0,-18.369,6456.7,4471.1,2243.1,147.6,87.1,-70.9,73112.3,18727.6,77824.0,27381.7,5645.6,-13131.3,inertia about the centre of mass carries up to ±495 g·mm² from the 0.1 g mass rounding in the export (centre of mass 100 mm from the component origin)
3DP_armP04_shoulder_cover_b,Component41,shoulder_protection,7.9,19.84,11.5,46.6,82.3,-38.304,-90.0,-18.369,6456.7,4471.1,2243.1,-147.6,-87.1,-70.9,73112.3,18727.6,77824.0,-27381.7,-5645.6,-13131.3,inertia about the centre of mass carries up to ±495 g·mm² from the 0.1 g mass rounding in the export (centre of mass 100 mm from the component origin)
3DP_armP05_shoulder_cover_c,Component42,shoulder_protection,7.6,19.04,46.6,11.0,82.3,0.0,-128.487,-225.555,5744.1,6972.2,2098.6,0.0,0.0,-716.2,517862.3,393622.6,127566.3,-0.0,-0.0,-220970.9,inertia about the centre of mass carries up to ±3369 g·mm² from the 0.1 g mass rounding in the export (centre of mass 260 mm from the component origin)
3DP_armP06_shoulder_cover_d,Component43,shoulder_protection,7.6,19.04,46.6,11.0,82.3,0.0,-51.513,-225.555,5427.3,6972.2,1781.6,0.0,0.0,-215.3,412245.0,393622.6,21948.9,-0.0,-0.0,-88519.8,inertia about the centre of mass carries up to ±2676 g·mm² from the 0.1 g mass rounding in the export (centre of mass 231 mm from the component origin)
3DP_armP07_shoulder_cover_e,Component34,measured_shoulder_protection,12.5,18.57,38.5,86.2,47.5,7.765,-98.529,-32.032,9898.0,3632.0,10238.8,13.4,-130.7,2203.0,144073.2,17211.3,132342.0,9576.9,2978.4,-37248.0,inertia about the centre of mass carries up to ±540 g·mm² from the 0.1 g mass rounding in the export (centre of mass 104 mm from the component origin)
3DP_armP08_shoulder_cover_f,Component35,measured_shoulder_protection,12.5,18.57,38.5,86.2,47.5,7.765,-98.529,32.032,9898.0,3632.0,10238.8,13.4,130.7,-2203.0,144073.2,17211.3,132342.0,9576.9,-2978.4,37248.0,inertia about the centre of mass carries up to ±540 g·mm² from the 0.1 g mass rounding in the export (centre of mass 104 mm from the component origin)
3DP_armP09_shoulder_yaw_cover_a,Component36,shoulder_yaw_protection,8.3,10.0,43.3,86.5,32.0,-26.281,-90.0,-77.814,8129.2,2290.1,8530.3,-31.1,-28.7,-91.8,125615.9,58279.5,81493.0,-19663.0,-17002.4,-58218.9,inertia about the centre of mass carries up to ±742 g·mm² from the 0.1 g mass rounding in the export (centre of mass 122 mm from the component origin)
3DP_armP10_shoulder_yaw_cover_b,Component37,shoulder_yaw_protection,8.3,10.0,43.3,86.5,32.0,26.281,-90.0,-77.814,8129.2,2290.1,8530.3,31.1,28.7,-91.8,125615.9,58279.5,81493.0,19663.0,17002.4,-58218.9,inertia about the centre of mass carries up to ±742 g·mm² from the 0.1 g mass rounding in the export (centre of mass 122 mm from the component origin)
3DP_armP11_shoulder_yaw_cover_c,shoulder_yaw_protection,shoulder_yaw_protection,,,,,,,,,,,,,,,,,,,,,"Fusion component `shoulder_yaw_protection` carries 2 child component(s): its CAD mass (19.2 g), bounding box (86.5 × 86.5 × 32 mm), centre of mass and inertia include them, so no own mass or inertia is in this export; the STL holds 52 shell(s) for 12 own body/bodies, or is not closed: not used"
3DP_body05_interior_plate,3DP_body_05_x1_interior_plate,PLA (for Bambu H2D) (1),,299.66,102.0,156.0,308.5,-19.22,0.03,159.48,,,,,,,,,,,,,"Fusion component `3DP_body_05_x1_interior_plate` carries 36 child component(s): its CAD mass (4637.4 g), bounding box (130.1 × 156.3 × 414.6 mm), centre of mass and inertia include them, so no own mass or inertia is in this export; size, volume and centre of mass are of the component's own body, from the STL"
3DP_body06_front_plate,3DP_body_06_x1_front_plate_fixed,ABS Plastic 60%infill,73.9,105.54,11.3,174.8,351.4,60.047,0.0,229.229,1279913.9,945430.8,335758.0,0.0,-4708.4,0.0,5163058.5,5095032.3,602215.0,0.0,-1021906.0,0.0,
3DP_body07_front_plate_removable,3DP_body_07_x1_front_plate_removable,ABS Plastic 60%infill,,,,,,,,,,,,,,,,,,,,,"Fusion component `3DP_body_07_x1_front_plate_removable` carries 8 child component(s): its CAD mass (96.9 g), bounding box (5 × 157.9 × 254.7 mm), centre of mass and inertia include them, so no own mass or inertia is in this export; the STL holds 9 shell(s) for 1 own body/bodies, or is not closed: not used"
3DP_body08_back_plate,3DP_body_08_x1_back_plate_fixed,ABS Plastic 60%infill,73.2,104.58,11.3,174.8,332.7,-60.005,0.0,235.619,1205477.1,871676.6,335355.4,0.0,6296.4,0.0,5269271.2,5199034.6,598919.3,0.0,1041221.3,-0.0,
3DP_body09_back_plate_removable,3DP_body_09_x1_back_plate_removable,ABS Plastic 60%infill,,,,,,,,,,,,,,,,,,,,,"Fusion component `3DP_body_09_x1_back_plate_removable` carries 14 child component(s): its CAD mass (113.8 g), bounding box (13 × 157.9 × 254.7 mm), centre of mass and inertia include them, so no own mass or inertia is in this export; the STL holds 15 shell(s) for 1 own body/bodies, or is not closed: not used"
3DP_cam01_gimbal_mount,gimbal_mount,Base,52.0,106.74,80.1,66.3,84.0,0.0,-59.226,452.105,41358.8,44579.3,31281.4,-0.1,2.8,3848.8,10852504.6,10673323.7,213682.8,-0.1,2.8,1396220.1,inertia about the centre of mass carries up to ±10395 g·mm² from the 0.1 g mass rounding in the export (centre of mass 456 mm from the component origin)
3DP_cam02_gimbal_neck,gimbal_neck,Neck,37.6,49.04,46.0,56.0,112.5,0.001,-67.701,587.669,55153.1,51244.9,13910.1,1.5,-8.4,7116.6,13212832.4,13036587.4,186246.9,4.0,-30.5,1503061.9,inertia about the centre of mass carries up to ±17497 g·mm² from the 0.1 g mass rounding in the export (centre of mass 592 mm from the component origin)
3DP_cam03_gimbal_arm,gimbal_arm,Arm,,15.9,35.0,64.0,61.5,2.04,-45.32,639.8,,,,,,,,,,,,,"Fusion component `gimbal_arm` carries 1 child component(s): its CAD mass (26.0 g), bounding box (35 × 74 × 61.5 mm), centre of mass and inertia include them, so no own mass or inertia is in this export; size, volume and centre of mass are of the component's own body, from the STL"
3DP_cam04_gimbal_arm_link,Component92,Arm,9.5,9.21,35.0,70.0,61.5,0.89,-87.911,639.051,18611.9,16257.9,3149.6,-49.5,-178.1,-49.5,3971699.9,3895934.1,76576.4,693.8,-5581.3,533656.8,inertia about the centre of mass carries up to ±20806 g·mm² from the 0.1 g mass rounding in the export (centre of mass 645 mm from the component origin)
3DP_grip01_base,base,rail,,73.25,48.7,129.0,45.0,0.44,6.45,-9.99,,,,,,,,,,,,,"Fusion component `base` carries 1 child component(s): its CAD mass (76.7 g), bounding box (48.8 × 129 × 48 mm), centre of mass and inertia include them, so no own mass or inertia is in this export; size, volume and centre of mass are of the component's own body, from the STL"
3DP_grip02_finger,custom_umi_gripper v6,rail,30.2,30.15,25.8,84.3,40.0,18.188,82.701,17.0,18861.4,4906.9,16959.5,1577.7,-11.6,-51.7,234140.8,23625.0,233501.3,-43848.1,-9349.3,-42510.4,
3DP_grip03_rail,rail,rail,44.9,44.76,67.7,129.0,40.0,26.146,-15.373,0.721,76477.0,16379.9,82571.3,13825.7,4234.7,-8307.6,87111.5,47097.5,123876.7,31872.9,3388.3,-7809.9,
3DP_grip04_apriltag_holder,apriltag_holder,rail,3.3,3.26,35.0,49.0,3.0,-6.959,6.0,13.741,686.3,402.5,1097.4,-1.5,-1.2,3.0,1428.2,1185.4,1376.0,136.3,314.4,-269.1,
3DP_grip05_pinion,Component9,Nylon 12 (with Formlabs Fuse 1 3D Printer),1.3,1.27,18.0,18.0,9.5,0.0,0.0,2.421,27.5,27.5,43.6,0.0,0.0,0.0,35.1,35.1,43.6,0.0,-0.0,0.0,
3DP_grip06_apriltag_tile,apriltag,"Plastic, Opaque White",0.8,0.8,20.0,20.0,2.0,143.0,-90.0,-25.999,,,,,,,6695.3,16080.6,21747.9,9781.2,2825.6,-1778.4,"inertia about the centre of mass not given: the centre of mass is 171 mm from the component origin and Fusion's origin-referenced tensor, shifted with a mass rounded to 0.1 g, is uncertain by ±1461 g·mm², more than the part's own moments (the `*_origin` columns hold Fusion's values unchanged)"
3DP_leg19_sole,symmetric_sole,foot_protection_USING,118.4,219.26,235.0,72.0,102.0,-39.298,133.298,-542.009,137374.3,560612.8,556908.9,-194.9,71368.7,-2617.0,37023960.5,35526274.5,2843531.3,620025.1,-2450535.9,8551630.9,inertia about the centre of mass carries up to ±15654 g·mm² from the 0.1 g mass rounding in the export (centre of mass 560 mm from the component origin)
3DP_leg20_foot_front,foot_front,foot_protection_USING,13.9,25.72,9.5,72.0,85.5,113.85,133.298,-512.291,13737.2,7104.8,6680.4,60.5,-131.8,-274.8,3908662.1,3835218.9,433829.9,-210885.6,810576.4,948919.6,inertia about the centre of mass carries up to ±14659 g·mm² from the 0.1 g mass rounding in the export (centre of mass 541 mm from the component origin)
3DP_legP01_hip3_cover_a,Component194,hip3_protection,31.1,31.7,57.0,69.4,119.5,-33.024,-41.262,-11.056,48262.5,47693.3,16748.4,339.7,91.0,8933.2,105013.4,85412.0,103615.0,-42038.3,-11264.0,-5254.4,
3DP_legP02_hip3_cover_b,Component195,hip3_protection,31.1,31.7,57.0,69.4,119.5,33.024,-41.263,-11.057,48230.8,47666.1,16711.4,-355.2,-95.5,8935.9,104985.0,85385.5,103580.5,42023.8,11260.6,-5253.3,
3DP_legP03_hip3_cover_c,Component198,hip3_protection,31.1,31.7,57.0,69.4,119.5,-33.024,-41.262,11.056,48262.5,47693.4,16748.3,339.7,-91.0,-8933.2,105013.4,85412.1,103614.9,-42038.3,11264.0,5254.4,
3DP_legP04_hip3_cover_d,Component199,hip3_protection,31.1,31.7,57.0,69.4,119.5,33.024,-41.263,11.057,48230.8,47666.0,16711.4,-355.2,95.5,-8935.9,104985.0,85385.4,103580.5,42023.8,-11260.6,5253.3,
3DP_legP05_hip2_cover_a,Component196,hip2_protection,26.0,29.49,46.5,109.3,46.4,7.388,-126.386,-72.286,31804.8,9686.8,34290.4,-20.0,-293.8,179.9,582970.7,146962.9,451018.5,24257.2,13591.5,-237354.5,inertia about the centre of mass carries up to ±1063 g·mm² from the 0.1 g mass rounding in the export (centre of mass 146 mm from the component origin)
3DP_legP06_hip2_cover_b,Component197,hip2_protection,26.0,29.49,46.5,97.3,71.1,7.387,-145.594,-0.593,31937.8,15996.6,28115.8,-157.0,244.2,-10743.8,583084.9,17424.5,580672.5,27806.1,358.1,-12988.6,inertia about the centre of mass carries up to ±1063 g·mm² from the 0.1 g mass rounding in the export (centre of mass 146 mm from the component origin)
3DP_legP07_knee_cover_a,Component44,knee protection,26.2,32.27,66.0,44.4,126.1,-42.637,141.466,-309.686,41196.8,44332.0,12066.3,-823.6,7635.9,-1404.3,3078249.7,2604683.3,584026.5,157206.6,-338311.0,1146418.7,inertia about the centre of mass carries up to ±5887 g·mm² from the 0.1 g mass rounding in the export (centre of mass 343 mm from the component origin)
3DP_legP08_knee_cover_b,Component45,knee protection,26.2,32.27,66.0,44.4,126.1,42.641,141.466,-309.686,41134.8,44271.1,12047.5,826.4,-7641.8,-1426.5,3078187.7,2604631.3,584016.7,-157218.6,338337.6,1146396.5,inertia about the centre of mass carries up to ±5887 g·mm² from the 0.1 g mass rounding in the export (centre of mass 343 mm from the component origin)
3DP_legP09_shank_cover_a,Component42,shank protection,44.7,89.43,66.0,25.0,261.0,0.0,184.99,-387.205,205827.2,227317.0,27202.3,-1.2,5.0,281.5,8437288.0,6929085.7,1556894.4,-1.2,5.0,3202100.2,inertia about the centre of mass carries up to ±9207 g·mm² from the 0.1 g mass rounding in the export (centre of mass 429 mm from the component origin)
3DP_legP10_shank_cover_b,Component43,shank protection,44.7,89.43,66.0,25.0,261.0,-0.005,81.605,-387.202,205252.9,227022.0,26674.2,-2.2,-63.1,1186.3,7204591.9,6928686.9,324348.3,16.0,-149.6,1413599.9,inertia about the centre of mass carries up to ±7829 g·mm² from the 0.1 g mass rounding in the export (centre of mass 396 mm from the component origin)
3DP_legP11_ankle_cover_a,Component46,ANKLE_1_PROTECTION,16.7,14.02,35.5,94.0,47.0,86.329,133.304,-523.041,16801.7,3861.7,17766.4,66.0,-521.9,-393.4,4882210.5,4696972.3,438984.7,-192117.6,753543.3,1163988.3,inertia about the centre of mass carries up to ±14940 g·mm² from the 0.1 g mass rounding in the export (centre of mass 547 mm from the component origin)
3DP_legP12_ankle_cover_b,Component47,ANKLE_1_PROTECTION,16.7,14.02,35.5,94.0,47.0,86.33,133.304,-468.389,16225.5,3328.6,17668.0,108.6,-115.5,-581.8,3976767.6,3791575.4,438889.2,-192077.2,675166.1,1042134.9,inertia about the centre of mass carries up to ±12231 g·mm² from the 0.1 g mass rounding in the export (centre of mass 495 mm from the component origin)
CNC_arm01_shoulder_roll_front_bearing,CNC_arm01_x2_shoulder_roll_front_bearing_retainer,Aluminum 6061,55.7,20.62,10.8,123.4,82.8,25.572,-56.991,0.0,86496.7,19339.1,67518.5,317.6,0.0,0.0,267408.9,55762.8,284854.4,81493.3,0.0,-0.0,
CNC_arm02_shoulder_roll_back_bearing,CNC_arm02_x2_shoulder_roll_back_bearing_retainer,Aluminum 6061,68.2,25.29,20.0,123.4,82.8,-21.699,-64.017,0.0,113202.4,27159.2,90333.2,4477.5,0.0,0.2,392698.0,59270.9,401940.6,-90259.5,-0.0,0.2,
CNC_arm03_shoulder_roll_output_shaft,CNC_arm03_x2_shoulder_roll_output_shaft,Aluminum 6061,42.2,15.64,16.1,38.6,79.8,-32.636,-90.0,18.112,25948.2,20822.4,6483.3,-131.4,1985.6,73.7,381611.7,79613.5,393250.9,-124082.9,26930.2,68863.1,
CNC_arm04_shoulder_roll_support_shaft,CNC_arm04_x4_shoulder_elbow_support_shaft,Aluminum 6061,35.0,12.97,13.3,38.6,79.8,-34.172,-90.0,-21.807,22025.5,17183.5,5537.3,-90.3,-805.4,-57.6,322169.6,74698.0,329907.7,-107732.1,-26887.0,-68749.7,inertia about the centre of mass carries up to ±487 g·mm² from the 0.1 g mass rounding in the export (centre of mass 99 mm from the component origin)
CNC_arm07_elbow_front_bearing,CNC_arm07_x2_elbow_front_bearing_retainer,Aluminum 6061,33.6,12.46,79.3,15.3,90.7,0.0,-112.251,-193.997,23998.7,34519.5,11374.8,0.0,0.0,-1191.7,1711898.8,1299050.0,434744.4,-0.0,-0.0,-732877.3,inertia about the centre of mass carries up to ±2512 g·mm² from the 0.1 g mass rounding in the export (centre of mass 224 mm from the component origin)
CNC_arm08_elbow_back_bearing,CNC_arm08_x2_elbow_back_bearing_retainer,Aluminum 6061,46.5,17.25,78.2,21.3,91.5,-0.056,-70.814,-195.613,35429.7,49504.0,16875.7,-28.0,567.1,-778.3,2047906.4,1828800.9,250055.8,-212.4,57.7,-644902.8,inertia about the centre of mass carries up to ±2164 g·mm² from the 0.1 g mass rounding in the export (centre of mass 208 mm from the component origin)
CNC_arm09_elbow_output_shaft,CNC_arm09_x2_elbow_roll_output_shaft,Aluminum 6061,44.7,16.56,38.6,16.5,79.8,0.0,-122.487,-225.104,22563.8,27471.7,6836.4,0.0,0.0,-2573.2,2958230.8,2292501.6,677473.4,0.0,0.0,-1235055.6,inertia about the centre of mass carries up to ±3284 g·mm² from the 0.1 g mass rounding in the export (centre of mass 256 mm from the component origin)
CNC_arm10_r03_back_cover,CNC_arm10_x4_r03_back_cover,Aluminum 6061,38.7,14.34,78.5,78.5,20.0,0.026,-90.013,-54.574,15240.0,23732.8,36488.3,1481.7,8.3,28.6,444061.6,138993.9,350048.9,1572.3,63.2,-190080.1,
CNC_arm13_RS05_shaft_coupler,CNC_arm13_x2_RS05_shaft_coupler,Aluminum 6061,22.1,8.17,36.0,36.0,18.0,0.0,0.0,-130.999,2439.2,2738.7,5647.8,0.0,0.0,-0.1,381691.5,381991.0,5647.8,0.0,0.0,-0.1,inertia about the centre of mass carries up to ±858 g·mm² from the 0.1 g mass rounding in the export (centre of mass 131 mm from the component origin)
CNC_body01_bottom_plate,CNC_body01_x1_bottom_plate,Aluminum 6061,215.4,79.82,130.0,180.0,10.2,0.0,0.0,5.389,703288.0,374829.6,1073969.7,0.0,0.0,0.0,709543.5,381085.1,1073969.7,0.0,0.0,-0.0,
CNC_body02_side_plate,CNC_body02_x2_side_plate,Aluminum 6061,411.7,152.49,107.5,12.0,407.0,0.0,85.698,206.887,6367104.6,6827302.5,470715.2,-1.1,-4.5,-2205.8,27012368.4,24448980.9,3494300.6,-1.1,-4.5,-7301565.3,
CNC_body03_top_plate,CNC_body03_x1_top_plate,Aluminum 6061,163.4,60.54,130.0,180.0,8.0,0.0,0.0,2.795,517035.2,270345.0,785598.1,-0.4,0.0,0.0,518311.7,271621.5,785598.1,-0.4,0.0,-0.0,
CNC_body04_front_plate,CNC_body04_x4_front_plate,Aluminum 6061,48.3,17.91,11.3,174.8,46.5,61.395,0.0,23.695,193520.0,8115.9,186605.5,0.0,292.5,0.0,220638.2,217293.5,368664.9,0.0,-69972.1,0.0,
CNC_leg01_hip_center_back,CNC_leg01_x2_hip_center_back,Aluminum 6061,71.9,26.67,99.2,35.6,122.2,-0.312,16.867,2.783,129883.4,167488.7,54103.7,-378.1,-1351.4,-30261.9,150895.5,168052.6,74565.9,0.3,-1289.0,-33636.9,
CNC_leg02_RS03_shaft_coupler,CNC_leg02_x7_RS03_shaft_coupler,Aluminum 6061,51.8,19.2,50.0,50.0,22.1,0.0,133.298,-230.005,18037.2,16219.1,25780.1,1.6,-2.6,1473.5,3678777.2,2756558.2,946181.0,1.6,-2.6,1589620.4,inertia about the centre of mass carries up to ±3534 g·mm² from the 0.1 g mass rounding in the export (centre of mass 266 mm from the component origin)
CNC_leg03_RS03_shaft_bearing_retainer,CNC_leg03_x4_RS03_shaft_bearing_retainer,Aluminum 6061,35.6,13.21,99.2,99.2,9.5,0.0,133.298,-222.749,28266.9,27556.9,51433.0,0.0,0.0,1189.9,2427189.8,1793926.3,683986.5,-0.0,-0.0,1058225.0,inertia about the centre of mass carries up to ±3369 g·mm² from the 0.1 g mass rounding in the export (centre of mass 260 mm from the component origin)
CNC_leg04_hip_roll_front_bearing_retainer,CNC_leg04_x2_hip_roll_front_bearing_retainer,Aluminum 6061,56.2,20.84,15.5,99.2,110.5,29.0,133.298,-277.031,94679.7,61792.1,33747.0,-178.8,2222.8,1697.5,5406396.4,4422191.3,1079592.9,-217427.9,453727.9,2077033.0,inertia about the centre of mass carries up to ±4768 g·mm² from the 0.1 g mass rounding in the export (centre of mass 309 mm from the component origin)
CNC_leg05_hip_roll_back_bearing_retainer,CNC_leg05_x2_hip_roll_back_bearing_retainer,Aluminum 6061,73.8,27.33,22.4,99.2,110.5,-24.637,133.298,-282.935,116627.1,77298.6,44359.4,-163.1,2000.4,-1851.9,7335785.2,6029947.3,1400459.4,242200.7,-512435.0,2781490.7,inertia about the centre of mass carries up to ±4921 g·mm² from the 0.1 g mass rounding in the export (centre of mass 314 mm from the component origin)
CNC_leg06_hip_roll_output_shaft,CNC_leg06_x2_hip_roll_output_shaft,Aluminum 6061,83.8,31.05,35.5,99.2,102.5,36.467,126.536,-66.516,110252.6,79225.3,36071.4,-107.2,2599.1,199.3,1822767.4,561429.0,1489264.1,-386792.9,205867.6,705516.1,
CNC_leg07_hip_roll_support_shaft,CNC_leg07_x2_hip_roll_support_shaft,Aluminum 6061,79.3,29.35,35.5,99.2,102.5,37.537,126.536,68.399,103168.2,72969.7,34129.2,230.2,507.1,422.8,1743868.0,555704.5,1415565.8,-376427.5,-203095.1,-685913.6,
CNC_leg08_knee_front_bearing_retainer,CNC_leg08_x2_knee_front_bearing_retainer,Aluminum 6061,55.8,20.7,114.6,15.0,126.2,0.0,160.74,-285.662,77166.8,114806.3,40424.0,0.0,0.0,3472.3,6072325.8,4668241.3,1482148.0,-0.0,0.0,2565658.2,inertia about the centre of mass carries up to ±5372 g·mm² from the 0.1 g mass rounding in the export (centre of mass 328 mm from the component origin)
CNC_leg09_knee_motor_back_cover,CNC_leg09_x2_knee_motor_back_cover,Aluminum 6061,102.9,38.15,114.6,32.5,126.2,0.0,105.999,-292.304,105068.0,176486.9,81602.4,1.0,-3.4,-1254.1,10053174.1,8968430.5,1237765.0,1.0,-3.4,3186992.5,inertia about the centre of mass carries up to ±4834 g·mm² from the 0.1 g mass rounding in the export (centre of mass 311 mm from the component origin)
CNC_leg10_knee_output_shank,CNC_leg10_x2_knee_output_shank,Aluminum 6061,249.9,92.54,54.4,27.8,249.9,0.0,174.065,-401.919,1470485.6,1521865.9,79753.3,0.5,-0.9,-410.2,49410678.5,41890432.7,7651379.5,0.5,-0.9,17482601.5,
CNC_leg11_knee_support_shank,CNC_leg11_x2_knee_support_shank,Aluminum 6061,179.9,66.71,54.4,15.6,249.0,0.0,88.494,-397.222,866365.2,914569.8,54753.1,0.0,-0.1,-1029.4,30660774.5,29300148.4,1463583.8,0.0,-0.1,6322772.9,
CNC_leg12_lower_leg_bearing,CNC_leg12_x4_lower_leg_bearing_cap,Aluminum 6061,6.4,2.35,43.0,3.0,43.0,0.0,85.21,-495.717,,,,,,,1607607.3,1562462.9,47081.8,-0.0,0.0,268241.9,"the 3 Fusion copies of this part differ in centre of mass (`CNC_leg12_x4_lower_leg_bearing_cap` 0.0 × 85.21 × -495.717; `CNC_leg12_x4_lower_leg_bearing_cap_1` 0.0 × 85.21 × 495.717; `CNC_leg12_x4_lower_leg_bearing_cap~2` 0.0 × 85.21 × 495.717): values are of `CNC_leg12_x4_lower_leg_bearing_cap`; inertia about the centre of mass not given: the centre of mass is 503 mm from the component origin and Fusion's origin-referenced tensor, shifted with a mass rounded to 0.1 g, is uncertain by ±12650 g·mm², more than the part's own moments (the `*_origin` columns hold Fusion's values unchanged)"
CNC_leg13_ankle_pitch_front,CNC_leg13_x2_ankle_pitch_front,Aluminum 6061,67.8,25.16,124.5,41.4,99.2,4.881,157.549,-495.717,56718.6,169225.7,121699.6,-6823.9,102.0,3603.2,18400485.3,16831697.3,1806225.3,-58961.9,164150.5,5298764.1,inertia about the centre of mass carries up to ±13529 g·mm² from the 0.1 g mass rounding in the export (centre of mass 520 mm from the component origin)
CNC_leg14_ankle_pitch_back,CNC_leg14_x2_ankle_pitch_back,Aluminum 6061,92.0,34.06,124.5,46.5,99.2,4.46,106.145,-495.727,42117.8,157843.7,131701.3,4853.4,-126.6,-2196.7,23687223.6,22768237.5,1170073.3,-38700.0,203280.1,4838746.0,inertia about the centre of mass carries up to ±12852 g·mm² from the 0.1 g mass rounding in the export (centre of mass 507 mm from the component origin)
CNC_leg15_RS06_shaft_bearing_retainer,CNC_leg15_x2_RS06_shaft_bearing_retainer,Aluminum 6061,23.5,8.7,8.5,82.8,82.8,101.727,133.298,-495.717,14942.1,3978.0,10541.9,391.9,-1455.4,-1905.9,6207279.1,6021945.6,671285.3,-318268.2,1183598.0,1550929.1,inertia about the centre of mass carries up to ±13693 g·mm² from the 0.1 g mass rounding in the export (centre of mass 523 mm from the component origin)
CNC_leg16_ankle_roll_output_shaft,CNC_leg16_x2_ankle_roll_output_shaft,Aluminum 6061,64.1,,15.3,54.4,86.0,107.739,133.298,-520.488,39879.3,26612.3,14085.2,559.9,-1232.5,-2724.7,18544018.3,18135852.7,1897089.9,-920005.4,3593294.0,4444533.9,inertia about the centre of mass carries up to ±15014 g·mm² from the 0.1 g mass rounding in the export (centre of mass 548 mm from the component origin); mesh not closed (7 shells): volume not computed
CNC_leg17_ankle_roll_support_shaft,CNC_leg17_x2_ankle_roll_support_shaft,Aluminum 6061,59.0,,12.7,54.4,86.0,108.687,133.298,522.533,45895.3,32363.4,14516.1,88.6,891.7,411.9,17203631.8,16838725.8,1759808.1,-854689.2,-3349868.4,-4109091.7,inertia about the centre of mass carries up to ±15131 g·mm² from the 0.1 g mass rounding in the export (centre of mass 550 mm from the component origin); mesh not closed (7 shells): volume not computed
CNC_leg18_foot_plate,CNC_leg18_x2_foot_plate,Aluminum 6061,,31.0,177.0,62.0,7.0,24.0,133.3,-555.63,,,,,,,,,,,,,"Fusion component `CNC_leg18_x2_foot_plate` carries 1 child component(s): its CAD mass (202.0 g), bounding box (235 × 72.1 × 102 mm), centre of mass and inertia include them, so no own mass or inertia is in this export; size, volume and centre of mass are of the component's own body, from the STL"
