file_name,fusion_name,qty_in_model,part_id,bom_file,description,mpn,vendor,vendor_url,note
CORE~3,CORE,2,ACT_RS00,actuators.csv,RobStride 00 quasi-direct-drive actuator,RobStride 00,Amazon,https://www.amazon.com/RobStride-14N-m-Integrated-Actuator-Module/dp/B0GS4XFK7Z/,via `robstride00`
BOARD_3D_KMMV03_2024-10-21_2__2.stp,BOARD_3D_KMMV03_2024-10-21_2__2.stp,2,ACT_RS00,actuators.csv,RobStride 00 quasi-direct-drive actuator,RobStride 00,Amazon,https://www.amazon.com/RobStride-14N-m-Integrated-Actuator-Module/dp/B0GS4XFK7Z/,via `robstride00`
SOLID-17_CON_P4_11_438X3_2_HD_3.stp,SOLID-17_CON_P4_11_438X3_2_HD_3.stp,2,ACT_RS00,actuators.csv,RobStride 00 quasi-direct-drive actuator,RobStride 00,Amazon,https://www.amazon.com/RobStride-14N-m-Integrated-Actuator-Module/dp/B0GS4XFK7Z/,via `robstride00`
SOLID-17_CON_P4_11_438X3_2_HD_2.stp,SOLID-17_CON_P4_11_438X3_2_HD_2.stp,2,ACT_RS00,actuators.csv,RobStride 00 quasi-direct-drive actuator,RobStride 00,Amazon,https://www.amazon.com/RobStride-14N-m-Integrated-Actuator-Module/dp/B0GS4XFK7Z/,via `robstride00`
1_1_02_EB571-960.stp,1_1_02_EB571-960.stp,2,ACT_RS00,actuators.csv,RobStride 00 quasi-direct-drive actuator,RobStride 00,Amazon,https://www.amazon.com/RobStride-14N-m-Integrated-Actuator-Module/dp/B0GS4XFK7Z/,via `robstride00`
1_1_04_EB572-5105.stp,1_1_04_EB572-5105.stp,2,ACT_RS00,actuators.csv,RobStride 00 quasi-direct-drive actuator,RobStride 00,Amazon,https://www.amazon.com/RobStride-14N-m-Integrated-Actuator-Module/dp/B0GS4XFK7Z/,via `robstride00`
1_1_06_EB573-643.stp,1_1_06_EB573-643.stp,2,ACT_RS00,actuators.csv,RobStride 00 quasi-direct-drive actuator,RobStride 00,Amazon,https://www.amazon.com/RobStride-14N-m-Integrated-Actuator-Module/dp/B0GS4XFK7Z/,via `robstride00`
1_1_14_PL574-570.stp,1_1_14_PL574-570.stp,2,ACT_RS00,actuators.csv,RobStride 00 quasi-direct-drive actuator,RobStride 00,Amazon,https://www.amazon.com/RobStride-14N-m-Integrated-Actuator-Module/dp/B0GS4XFK7Z/,via `robstride00`
1_21_121000022__SGQZC619-4_4-.stp,1_21_121000022__SGQZC619-4_4-.stp,2,ACT_RS00,actuators.csv,RobStride 00 quasi-direct-drive actuator,RobStride 00,Amazon,https://www.amazon.com/RobStride-14N-m-Integrated-Actuator-Module/dp/B0GS4XFK7Z/,via `robstride00`
SGQZC__35.stp,SGQZC__35.stp,2,ACT_RS00,actuators.csv,RobStride 00 quasi-direct-drive actuator,RobStride 00,Amazon,https://www.amazon.com/RobStride-14N-m-Integrated-Actuator-Module/dp/B0GS4XFK7Z/,via `robstride00`
1_2_04_000306.stp,1_2_04_000306.stp,2,ACT_RS00,actuators.csv,RobStride 00 quasi-direct-drive actuator,RobStride 00,Amazon,https://www.amazon.com/RobStride-14N-m-Integrated-Actuator-Module/dp/B0GS4XFK7Z/,via `robstride00`
1_2_05_000314.stp,1_2_05_000314.stp,2,ACT_RS00,actuators.csv,RobStride 00 quasi-direct-drive actuator,RobStride 00,Amazon,https://www.amazon.com/RobStride-14N-m-Integrated-Actuator-Module/dp/B0GS4XFK7Z/,via `robstride00`
1_2_05_020068.stp,1_2_05_020068.stp,14,ACT_RS00,actuators.csv,RobStride 00 quasi-direct-drive actuator,RobStride 00,Amazon,https://www.amazon.com/RobStride-14N-m-Integrated-Actuator-Module/dp/B0GS4XFK7Z/,via `robstride00`
1_2_05_025121.stp,1_2_05_025121.stp,8,ACT_RS00,actuators.csv,RobStride 00 quasi-direct-drive actuator,RobStride 00,Amazon,https://www.amazon.com/RobStride-14N-m-Integrated-Actuator-Module/dp/B0GS4XFK7Z/,via `robstride00`
OUTPUT-SHAFT.stp,OUTPUT-SHAFT.stp,2,ACT_RS00,actuators.csv,RobStride 00 quasi-direct-drive actuator,RobStride 00,Amazon,https://www.amazon.com/RobStride-14N-m-Integrated-Actuator-Module/dp/B0GS4XFK7Z/,via `robstride00`
back_lid_1_1_06_EB573-642.stp,back_lid_1_1_06_EB573-642.stp,2,ACT_RS00,actuators.csv,RobStride 00 quasi-direct-drive actuator,RobStride 00,Amazon,https://www.amazon.com/RobStride-14N-m-Integrated-Actuator-Module/dp/B0GS4XFK7Z/,via `robstride00`
half-bearing_30x37x4_6706_0.9kN_8g,half-bearing_30x37x4_6706_0.9kN_8g,4,FAS_BEARING_30X37X4,fasteners.csv,"Ball bearing, 30 x 37 x 4 mm",,Amazon,https://www.amazon.com/XIKE-6706-2RS-Bearings-30x37x4mm-Pre-Lubricated/dp/B09D35XB19,"2 of this size modelled per transforms.csv, all fitted loose; each is two `half-bearing` components, so qty_in_model 4 = 2 bearings"
0001755652_1_1_30_GR-2202_ASM_1_ASM_1_1_30_GR-2202_ASM_FL46BLW10-48V-5N.m-DE_2__FL46BLW10-48V-5N.m-DE,0001755652^1_1_30_GR-2202_ASM_1_ASM_1_1_30_GR-2202_ASM_FL46BLW10-48V-5N.m-DE(2)_FL46BLW10-48V-5N.m-DE,4,ACT_RS05,actuators.csv,RobStride 05 quasi-direct-drive actuator,RobStride 05,AiFitLab,https://aifitlab.com/products/robstride-05-motor,via `robstride05`
0001755650_00MINI-000_ASM_1_ASM_1_ASM_00MINI-_20250103_A0001_ASM_1_AS_ASM_1_1_30_GR-2202_ASM_1_ASM_1_1_30_GR-2202_ASM_FL46BLW10-48V-5N.m-DE_2__FL46BLW10-48V-5N.m-DE,0001755650^00MINI-000_ASM_1_ASM_1_ASM_00MINI-_20250103_A0001_ASM_1_AS_ASM_1_1_30_GR-2202_ASM_1_ASM_1_1_30_GR-2202_ASM_FL46BLW10-48V-5N.m-DE(2)_FL46BLW10-48V-5N.m-DE,2,ACT_RS05,actuators.csv,RobStride 05 quasi-direct-drive actuator,RobStride 05,AiFitLab,https://aifitlab.com/products/robstride-05-motor,via `robstride05`
0001755652_00MINI-000_ASM_1_ASM_1_ASM_00MINI-_20250103_A0001_ASM_1_AS_ASM_1_1_30_GR-2202_ASM_1_ASM_1_1_30_GR-2202_ASM_FL46BLW10-48V-5N.m-DE_2__FL46BLW10-48V-5N.m-DE,0001755652^00MINI-000_ASM_1_ASM_1_ASM_00MINI-_20250103_A0001_ASM_1_AS_ASM_1_1_30_GR-2202_ASM_1_ASM_1_1_30_GR-2202_ASM_FL46BLW10-48V-5N.m-DE(2)_FL46BLW10-48V-5N.m-DE,2,ACT_RS05,actuators.csv,RobStride 05 quasi-direct-drive actuator,RobStride 05,AiFitLab,https://aifitlab.com/products/robstride-05-motor,via `robstride05`
1_21_121000022__610001_1_1_00MINI-000_ASM_1_ASM_1_ASM_00MINI-_20250103_A0001_ASM_1_AS_ASM_1_1_30_GR-2202_ASM_1_ASM_1_1_30_GR-2202_ASM_FL46BLW10-48V-5N.m-DE_2__FL46BLW10-48V-5N.m-DE,1_21_121000022__610001_1_1^00MINI-000_ASM_1_ASM_1_ASM_00MINI-_20250103_A0001_ASM_1_AS_ASM_1_1_30_GR-2202_ASM_1_ASM_1_1_30_GR-2202_ASM_FL46BLW10-48V-5N.m-DE(2)_FL46BLW10-48V-5N.m-DE,2,ACT_RS05,actuators.csv,RobStride 05 quasi-direct-drive actuator,RobStride 05,AiFitLab,https://aifitlab.com/products/robstride-05-motor,via `robstride05`
6706__300001_1_1_00MINI-000_ASM_1_ASM_1_ASM_00MINI-_20250103_A0001_ASM_1_AS_ASM_1_1_30_GR-2202_ASM_1_ASM_1_1_30_GR-2202_ASM_FL46BLW10-48V-5N.m-DE_2__FL46BLW10-48V-5N.m-DE,6706__300001_1_1^00MINI-000_ASM_1_ASM_1_ASM_00MINI-_20250103_A0001_ASM_1_AS_ASM_1_1_30_GR-2202_ASM_1_ASM_1_1_30_GR-2202_ASM_FL46BLW10-48V-5N.m-DE(2)_FL46BLW10-48V-5N.m-DE,2,ACT_RS05,actuators.csv,RobStride 05 quasi-direct-drive actuator,RobStride 05,AiFitLab,https://aifitlab.com/products/robstride-05-motor,via `robstride05`
Component20,Component20,2,ACT_RS05,actuators.csv,RobStride 05 quasi-direct-drive actuator,RobStride 05,AiFitLab,https://aifitlab.com/products/robstride-05-motor,via `robstride05`
1_1_02_EB461-502_FL46BLW10-48V-5N.m-DE_2__FL46BLW10-48V-5N.m-DE,1_1_02_EB461-502^FL46BLW10-48V-5N.m-DE(2)_FL46BLW10-48V-5N.m-DE,2,ACT_RS05,actuators.csv,RobStride 05 quasi-direct-drive actuator,RobStride 05,AiFitLab,https://aifitlab.com/products/robstride-05-motor,via `robstride05`
1_1_06_EB463-507_FL46BLW10-48V-5N.m-DE_2__FL46BLW10-48V-5N.m-DE,1_1_06_EB463-507^FL46BLW10-48V-5N.m-DE(2)_FL46BLW10-48V-5N.m-DE,2,ACT_RS05,actuators.csv,RobStride 05 quasi-direct-drive actuator,RobStride 05,AiFitLab,https://aifitlab.com/products/robstride-05-motor,via `robstride05`
1_1_06_EB463-509_FL46BLW10-48V-5N.m-DE_2__FL46BLW10-48V-5N.m-DE,1_1_06_EB463-509^FL46BLW10-48V-5N.m-DE(2)_FL46BLW10-48V-5N.m-DE,2,ACT_RS05,actuators.csv,RobStride 05 quasi-direct-drive actuator,RobStride 05,AiFitLab,https://aifitlab.com/products/robstride-05-motor,via `robstride05`
1_1_31_EB463-510_FL46BLW10-48V-5N.m-DE_2__FL46BLW10-48V-5N.m-DE,1_1_31_EB463-510^FL46BLW10-48V-5N.m-DE(2)_FL46BLW10-48V-5N.m-DE,2,ACT_RS05,actuators.csv,RobStride 05 quasi-direct-drive actuator,RobStride 05,AiFitLab,https://aifitlab.com/products/robstride-05-motor,via `robstride05`
1_2_05_000438_FL46BLW10-48V-5N.m-DE_2__FL46BLW10-48V-5N.m-DE,1_2_05_000438^FL46BLW10-48V-5N.m-DE(2)_FL46BLW10-48V-5N.m-DE,16,ACT_RS05,actuators.csv,RobStride 05 quasi-direct-drive actuator,RobStride 05,AiFitLab,https://aifitlab.com/products/robstride-05-motor,via `robstride05`
1_2_05_000555_FL46BLW10-48V-5N.m-DE_2__FL46BLW10-48V-5N.m-DE,1_2_05_000555^FL46BLW10-48V-5N.m-DE(2)_FL46BLW10-48V-5N.m-DE,16,ACT_RS05,actuators.csv,RobStride 05 quasi-direct-drive actuator,RobStride 05,AiFitLab,https://aifitlab.com/products/robstride-05-motor,via `robstride05`
1_2_05_000608_FL46BLW10-48V-5N.m-DE_2__FL46BLW10-48V-5N.m-DE,1_2_05_000608^FL46BLW10-48V-5N.m-DE(2)_FL46BLW10-48V-5N.m-DE,8,ACT_RS05,actuators.csv,RobStride 05 quasi-direct-drive actuator,RobStride 05,AiFitLab,https://aifitlab.com/products/robstride-05-motor,via `robstride05`
1_2_05_020051_FL46BLW10-48V-5N.m-DE_2__FL46BLW10-48V-5N.m-DE,1_2_05_020051^FL46BLW10-48V-5N.m-DE(2)_FL46BLW10-48V-5N.m-DE,6,ACT_RS05,actuators.csv,RobStride 05 quasi-direct-drive actuator,RobStride 05,AiFitLab,https://aifitlab.com/products/robstride-05-motor,via `robstride05`
1_2_16_001425_FL46BLW10-48V-5N.m-DE_2__FL46BLW10-48V-5N.m-DE,1_2_16_001425^FL46BLW10-48V-5N.m-DE(2)_FL46BLW10-48V-5N.m-DE,2,ACT_RS05,actuators.csv,RobStride 05 quasi-direct-drive actuator,RobStride 05,AiFitLab,https://aifitlab.com/products/robstride-05-motor,via `robstride05`
1_1_02_EB901-547_1_rotor~2,1_1_02_EB901-547_1_rotor,1,ACT_RS03,actuators.csv,RobStride 03 quasi-direct-drive actuator,RobStride 03,Amazon,https://www.amazon.com/RobStride-60N-m-Integrated-Actuator-Module/dp/B0GY8PJ1MF,via `Robstride 03 - full`
1_1_06_EB903-537_1_1~2,1_1_06_EB903-537_1_1,1,ACT_RS03,actuators.csv,RobStride 03 quasi-direct-drive actuator,RobStride 03,Amazon,https://www.amazon.com/RobStride-60N-m-Integrated-Actuator-Module/dp/B0GY8PJ1MF,via `Robstride 03 - full`
1_1_31_QT-942_1~2,1_1_31_QT-942_1,1,ACT_RS03,actuators.csv,RobStride 03 quasi-direct-drive actuator,RobStride 03,Amazon,https://www.amazon.com/RobStride-60N-m-Integrated-Actuator-Module/dp/B0GY8PJ1MF,via `Robstride 03 - full`
1_2_04_635000_1_1~2,1_2_04_635000_1_1,1,ACT_RS03,actuators.csv,RobStride 03 quasi-direct-drive actuator,RobStride 03,Amazon,https://www.amazon.com/RobStride-60N-m-Integrated-Actuator-Module/dp/B0GY8PJ1MF,via `Robstride 03 - full`
1_2_04_680902_1_1~2,1_2_04_680902_1_1,1,ACT_RS03,actuators.csv,RobStride 03 quasi-direct-drive actuator,RobStride 03,Amazon,https://www.amazon.com/RobStride-60N-m-Integrated-Actuator-Module/dp/B0GY8PJ1MF,via `Robstride 03 - full`
1_2_05_130001_1_1~2,1_2_05_130001_1_1,3,ACT_RS03,actuators.csv,RobStride 03 quasi-direct-drive actuator,RobStride 03,Amazon,https://www.amazon.com/RobStride-60N-m-Integrated-Actuator-Module/dp/B0GY8PJ1MF,via `Robstride 03 - full`
1_2_06_000004_AF0_1_1~2,1_2_06_000004_AF0_1_1,1,ACT_RS03,actuators.csv,RobStride 03 quasi-direct-drive actuator,RobStride 03,Amazon,https://www.amazon.com/RobStride-60N-m-Integrated-Actuator-Module/dp/B0GY8PJ1MF,via `Robstride 03 - full`
1_3_03_000357_1_1~2,1_3_03_000357_1_1,1,ACT_RS03,actuators.csv,RobStride 03 quasi-direct-drive actuator,RobStride 03,Amazon,https://www.amazon.com/RobStride-60N-m-Integrated-Actuator-Module/dp/B0GY8PJ1MF,via `Robstride 03 - full`
CORE~2,CORE,1,ACT_RS03,actuators.csv,RobStride 03 quasi-direct-drive actuator,RobStride 03,Amazon,https://www.amazon.com/RobStride-60N-m-Integrated-Actuator-Module/dp/B0GY8PJ1MF,via `Robstride 03 - full`
PBC~2,PBC,1,ACT_RS03,actuators.csv,RobStride 03 quasi-direct-drive actuator,RobStride 03,Amazon,https://www.amazon.com/RobStride-60N-m-Integrated-Actuator-Module/dp/B0GY8PJ1MF,via `Robstride 03 - full`
BACK_COVER1_1_06_EB903-538_1~2,BACK_COVER1_1_06_EB903-538_1,1,ACT_RS03,actuators.csv,RobStride 03 quasi-direct-drive actuator,RobStride 03,Amazon,https://www.amazon.com/RobStride-60N-m-Integrated-Actuator-Module/dp/B0GY8PJ1MF,via `Robstride 03 - full`
1_2_05_020108_1_1~2,1_2_05_020108_1_1,4,ACT_RS03,actuators.csv,RobStride 03 quasi-direct-drive actuator,RobStride 03,Amazon,https://www.amazon.com/RobStride-60N-m-Integrated-Actuator-Module/dp/B0GY8PJ1MF,via `Robstride 03 - full`
1_2_05_140095_1_1~2,1_2_05_140095_1_1,4,ACT_RS03,actuators.csv,RobStride 03 quasi-direct-drive actuator,RobStride 03,Amazon,https://www.amazon.com/RobStride-60N-m-Integrated-Actuator-Module/dp/B0GY8PJ1MF,via `Robstride 03 - full`
1_1_31_QT-1040_FL82BLW33-48V-35N.m_1__FL82BLW33-48V-35N.m_1_.STEP~2,1_1_31_QT-1040^FL82BLW33-48V-35N.m(tooling-version)(1)_FL82BLW33-48V-35N.m(tooling-version)(1).STEP,1,ACT_RS06,actuators.csv,RobStride 06 quasi-direct-drive actuator,RobStride 06,AiFitLab,https://aifitlab.com/products/robstride-06-motor,via `Robstride 06-No Back Cover`
1_1_06_EB823-507_AF0_1_1_06_EB823-509_ASM_FL82BLW33-48V-35N.m_1__FL82BLW33-48V-35N.m_1_.STEP~2,1_1_06_EB823-507_AF0^1_1_06_EB823-509_ASM_FL82BLW33-48V-35N.m(tooling-version)(1)_FL82BLW33-48V-35N.m(tooling-version)(1).STEP,1,ACT_RS06,actuators.csv,RobStride 06 quasi-direct-drive actuator,RobStride 06,AiFitLab,https://aifitlab.com/products/robstride-06-motor,via `Robstride 06-No Back Cover`
R06-ROTOR~2,R06-ROTOR,1,ACT_RS06,actuators.csv,RobStride 06 quasi-direct-drive actuator,RobStride 06,AiFitLab,https://aifitlab.com/products/robstride-06-motor,via `Robstride 06-No Back Cover`
weight~2,weight,1,ACT_RS06,actuators.csv,RobStride 06 quasi-direct-drive actuator,RobStride 06,AiFitLab,https://aifitlab.com/products/robstride-06-motor,via `Robstride 06-No Back Cover`
half-bearing_35x44x5_6707_1.6kN_15g~2,half-bearing_35x44x5_6707_1.6kN_15g,14,FAS_BEARING_35X44X5,fasteners.csv,"Ball bearing, 35 x 44 x 5 mm",,Amazon,https://www.amazon.com/XIKE-6707-2RS-Bearings-35x44x5mm-Pre-Lubricated/dp/B09D2XN464/,"26 of this size modelled per transforms.csv: 22 fitted loose, 4 inside ACT_RS06 (bought with it); each is two `half-bearing` components, so qty_in_model 14 = 7 bearings"
1_1_04_EB672-503_1.stp,1_1_04_EB672-503_1.stp,3,ACT_RS02,actuators.csv,RobStride 02 quasi-direct-drive actuator,RobStride 02,Amazon,https://www.amazon.com/RobStride-Integrated-Actuator-Module-Encoders/dp/B0GS5945VP,via `robstride_02-No_back_cover`
1_1_06_EB673-516_1.stp,1_1_06_EB673-516_1.stp,3,ACT_RS02,actuators.csv,RobStride 02 quasi-direct-drive actuator,RobStride 02,Amazon,https://www.amazon.com/RobStride-Integrated-Actuator-Module-Encoders/dp/B0GS5945VP,via `robstride_02-No_back_cover`
1_1_31_PL674-504_1.stp,1_1_31_PL674-504_1.stp,3,ACT_RS02,actuators.csv,RobStride 02 quasi-direct-drive actuator,RobStride 02,Amazon,https://www.amazon.com/RobStride-Integrated-Actuator-Module-Encoders/dp/B0GS5945VP,via `robstride_02-No_back_cover`
1_2_04_670601_1.stp,1_2_04_670601_1.stp,3,ACT_RS02,actuators.csv,RobStride 02 quasi-direct-drive actuator,RobStride 02,Amazon,https://www.amazon.com/RobStride-Integrated-Actuator-Module-Encoders/dp/B0GS5945VP,via `robstride_02-No_back_cover`
1_2_05_030080_1.stp,1_2_05_030080_1.stp,3,ACT_RS02,actuators.csv,RobStride 02 quasi-direct-drive actuator,RobStride 02,Amazon,https://www.amazon.com/RobStride-Integrated-Actuator-Module-Encoders/dp/B0GS5945VP,via `robstride_02-No_back_cover`
1_2_05_QT-170_1.stp,1_2_05_QT-170_1.stp,12,ACT_RS02,actuators.csv,RobStride 02 quasi-direct-drive actuator,RobStride 02,Amazon,https://www.amazon.com/RobStride-Integrated-Actuator-Module-Encoders/dp/B0GS5945VP,via `robstride_02-No_back_cover`
1_2_05_QT-647_1.stp,1_2_05_QT-647_1.stp,9,ACT_RS02,actuators.csv,RobStride 02 quasi-direct-drive actuator,RobStride 02,Amazon,https://www.amazon.com/RobStride-Integrated-Actuator-Module-Encoders/dp/B0GS5945VP,via `robstride_02-No_back_cover`
1_2_06_000392_1.stp,1_2_06_000392_1.stp,3,ACT_RS02,actuators.csv,RobStride 02 quasi-direct-drive actuator,RobStride 02,Amazon,https://www.amazon.com/RobStride-Integrated-Actuator-Module-Encoders/dp/B0GS5945VP,via `robstride_02-No_back_cover`
BOARD-17_1.stp,BOARD-17_1.stp,3,ACT_RS02,actuators.csv,RobStride 02 quasi-direct-drive actuator,RobStride 02,Amazon,https://www.amazon.com/RobStride-Integrated-Actuator-Module-Encoders/dp/B0GS5945VP,via `robstride_02-No_back_cover`
SOLID-183013_1.stp,SOLID-183013_1.stp,6,ACT_RS02,actuators.csv,RobStride 02 quasi-direct-drive actuator,RobStride 02,Amazon,https://www.amazon.com/RobStride-Integrated-Actuator-Module-Encoders/dp/B0GS5945VP,via `robstride_02-No_back_cover`
shaft_1_1_02_EB671-502_1.stp,shaft 1_1_02_EB671-502_1.stp,3,ACT_RS02,actuators.csv,RobStride 02 quasi-direct-drive actuator,RobStride 02,Amazon,https://www.amazon.com/RobStride-Integrated-Actuator-Module-Encoders/dp/B0GS5945VP,via `robstride_02-No_back_cover`
Component21,Component21,3,ACT_RS02,actuators.csv,RobStride 02 quasi-direct-drive actuator,RobStride 02,Amazon,https://www.amazon.com/RobStride-Integrated-Actuator-Module-Encoders/dp/B0GS5945VP,via `robstride_02-No_back_cover`
Knurled_Insert_M3xH8,Knurled Insert M3xH8,6,,,,,,,"fastener with no team BOM row: the BOM's only fastener lines are three screw sizes (M3x10, M4x8, M4x10) and six bearing sizes"
1_1_04_EB672-503_1.stp~2,1_1_04_EB672-503_1.stp,3,ACT_RS02,actuators.csv,RobStride 02 quasi-direct-drive actuator,RobStride 02,Amazon,https://www.amazon.com/RobStride-Integrated-Actuator-Module-Encoders/dp/B0GS5945VP,via `robstride_02-No_back_cover`
1_1_06_EB673-516_1.stp~2,1_1_06_EB673-516_1.stp,3,ACT_RS02,actuators.csv,RobStride 02 quasi-direct-drive actuator,RobStride 02,Amazon,https://www.amazon.com/RobStride-Integrated-Actuator-Module-Encoders/dp/B0GS5945VP,via `robstride_02-No_back_cover`
1_1_31_PL674-504_1.stp~2,1_1_31_PL674-504_1.stp,3,ACT_RS02,actuators.csv,RobStride 02 quasi-direct-drive actuator,RobStride 02,Amazon,https://www.amazon.com/RobStride-Integrated-Actuator-Module-Encoders/dp/B0GS5945VP,via `robstride_02-No_back_cover`
1_2_04_670601_1.stp~2,1_2_04_670601_1.stp,3,ACT_RS02,actuators.csv,RobStride 02 quasi-direct-drive actuator,RobStride 02,Amazon,https://www.amazon.com/RobStride-Integrated-Actuator-Module-Encoders/dp/B0GS5945VP,via `robstride_02-No_back_cover`
1_2_05_030080_1.stp~2,1_2_05_030080_1.stp,3,ACT_RS02,actuators.csv,RobStride 02 quasi-direct-drive actuator,RobStride 02,Amazon,https://www.amazon.com/RobStride-Integrated-Actuator-Module-Encoders/dp/B0GS5945VP,via `robstride_02-No_back_cover`
1_2_05_QT-170_1.stp~2,1_2_05_QT-170_1.stp,12,ACT_RS02,actuators.csv,RobStride 02 quasi-direct-drive actuator,RobStride 02,Amazon,https://www.amazon.com/RobStride-Integrated-Actuator-Module-Encoders/dp/B0GS5945VP,via `robstride_02-No_back_cover`
1_2_05_QT-647_1.stp~2,1_2_05_QT-647_1.stp,9,ACT_RS02,actuators.csv,RobStride 02 quasi-direct-drive actuator,RobStride 02,Amazon,https://www.amazon.com/RobStride-Integrated-Actuator-Module-Encoders/dp/B0GS5945VP,via `robstride_02-No_back_cover`
1_2_06_000392_1.stp~2,1_2_06_000392_1.stp,3,ACT_RS02,actuators.csv,RobStride 02 quasi-direct-drive actuator,RobStride 02,Amazon,https://www.amazon.com/RobStride-Integrated-Actuator-Module-Encoders/dp/B0GS5945VP,via `robstride_02-No_back_cover`
BOARD-17_1.stp~2,BOARD-17_1.stp,3,ACT_RS02,actuators.csv,RobStride 02 quasi-direct-drive actuator,RobStride 02,Amazon,https://www.amazon.com/RobStride-Integrated-Actuator-Module-Encoders/dp/B0GS5945VP,via `robstride_02-No_back_cover`
SOLID-183013_1.stp~2,SOLID-183013_1.stp,6,ACT_RS02,actuators.csv,RobStride 02 quasi-direct-drive actuator,RobStride 02,Amazon,https://www.amazon.com/RobStride-Integrated-Actuator-Module-Encoders/dp/B0GS5945VP,via `robstride_02-No_back_cover`
shaft_1_1_02_EB671-502_1.stp~2,shaft 1_1_02_EB671-502_1.stp,3,ACT_RS02,actuators.csv,RobStride 02 quasi-direct-drive actuator,RobStride 02,Amazon,https://www.amazon.com/RobStride-Integrated-Actuator-Module-Encoders/dp/B0GS5945VP,via `robstride_02-No_back_cover`
Component21~2,Component21,3,ACT_RS02,actuators.csv,RobStride 02 quasi-direct-drive actuator,RobStride 02,Amazon,https://www.amazon.com/RobStride-Integrated-Actuator-Module-Encoders/dp/B0GS5945VP,via `robstride_02-No_back_cover`
Knurled_Insert_M3xH8~2,Knurled Insert M3xH8,6,,,,,,,"fastener with no team BOM row: the BOM's only fastener lines are three screw sizes (M3x10, M4x8, M4x10) and six bearing sizes"
150A_relay,150A relay,1,,,,,,,no BOM row: the 150 A relay (power page: main disconnect gap)
CAN_Isolated,CAN_Isolated,6,EL_CAN_ADAPTER,electronics.csv,CANable PRO V2.0 USB-CAN controller,CANable PRO V2.0,Amazon,https://www.amazon.com/Macrobase-PRO-V2-0-Controller-transceiver/dp/B0GJSRZLBV/,Fusion name `CAN_Isolated`; BOM row is the CANable PRO V2.0
USB-C_Cable,USB-C Cable,12,,,,,,,"USB cable (Fusion material `USB C to A`), 12 modelled; the team BOM's only cable row is the Belkin 2-pack and does not say where it goes"
Component1,Component1,1,EL_IMU_TM171,electronics.csv,"SYD Dynamics TransducerM TM171 9-axis AHRS, dual-port",TM171,RobotShop,https://www.robotshop.com/products/syd-dynamics-transducerm-tm171-9-axis-ahrs-w-dual-port-communication,via `IMU_syd_dynamics_TM171`
Component2,Component2,1,EL_IMU_TM171,electronics.csv,"SYD Dynamics TransducerM TM171 9-axis AHRS, dual-port",TM171,RobotShop,https://www.robotshop.com/products/syd-dynamics-transducerm-tm171-9-axis-ahrs-w-dual-port-communication,via `IMU_syd_dynamics_TM171`
MINISFORUM_AI_X1,MINISFORUM AI X1,1,EL_COMPUTE_MINIPC,electronics.csv,MINISFORUM X1-470 mini PC (onboard computer),X1-470,Amazon,https://www.amazon.com/MINISFORUM-X1-Pro-470-Quad-Display-Bluetooth/dp/B0GL2PPG67,Fusion name `MINISFORUM_AI_X1`; BOM row is the X1-470
VEMONT_USB-C_Hub_Long,VEMONT USB-C Hub Long,2,EL_USB_HUB,electronics.csv,Vention USB hub,B0D2XWJ99H,Amazon,https://www.amazon.com/VENTION-Splitter-Expander-Chromebook-Surface/dp/B0D2XWJ99H,Fusion names it a VEMONT USB-C hub; the BOM row (qty 3) is a Vention hub — 1 Vention + 2 VEMONT are modelled
Hub,Hub,1,EL_USB_HUB,electronics.csv,Vention USB hub,B0D2XWJ99H,Amazon,https://www.amazon.com/VENTION-Splitter-Expander-Chromebook-Surface/dp/B0D2XWJ99H,via `Vention USB Hub`
USB_Straight,USB Straight,13,EL_USB_HUB,electronics.csv,Vention USB hub,B0D2XWJ99H,Amazon,https://www.amazon.com/VENTION-Splitter-Expander-Chromebook-Surface/dp/B0D2XWJ99H,via `Vention USB Hub`
battery_tester,battery_tester,2,EL_VOLTAGE_CHECKER,electronics.csv,"LiPo voltage checker, 1-8S, with case",Aoicrie 1S-8S 2-pack,ePowerHobby,https://epowerhobby.com/product/lipo-voltage-checker-1-8s-with-case/?srsltid=AU7gw4UInG3PxKxg6QzfEx3h8wbA6nCnb4-ykXVukOMgql9G3C0_gAdM,"Fusion name `battery_tester`, 2 modelled; the team BOM's only matching row is the 1-8S LiPo voltage checker, also 2 off — the BOM does not name the modelled part **UNVERIFIED**"
battery_zeee_10000mah,battery_zeee_10000mah,2,EL_BATTERY_6S,electronics.csv,"Zeee 6S LiPo battery, 10000 mAh, 22.2 V, 2-pack",10000mah-22-2v-120c-ec5,Zeee,https://zeeebattery.com/products/zeee-6s-lipo-battery-10000mah-22-2v-120c-ec5,2 packs modelled; the BOM counts one 2-pack
lumped_wires,lumped_wires,1,,,,,,,wiring harness lump; no single BOM row (see cables-connectors.csv and the wiring pages)
block,block,4,EL_DIST_BLOCK,electronics.csv,Power distribution block terminals,6x8-7,AliExpress,https://www.aliexpress.us/item/3256808232612352.html,the four conductor blocks inside `power_block_casing`; the BOM row is 4 off. Its casing and `6x10-7holes` carrier are separate components with no BOM row **UNVERIFIED**
casing,casing,2,,,,,,,casing/carrier of the power distribution block; the EL_DIST_BLOCK row counts the four blocks only
magnet_1_2inD_1_16inT,magnet_1/2inD_1/16inT,22,,,,,,,"fastener with no team BOM row: the BOM's only fastener lines are three screw sizes (M3x10, M4x8, M4x10) and six bearing sizes"
half-bearing-45x58x7_6809_5.4kN_40g,half-bearing-45x58x7_6809_5.4kN_40g,26,FAS_BEARING_45X58X7,fasteners.csv,"Ball bearing, 45 x 58 x 7 mm",,Amazon,https://www.amazon.com/XIKE-6809-2RS-Bearings-45x58x7mm-Pre-Lubricated/dp/B09D2J9P82,"11 of this size modelled per transforms.csv, all fitted loose; each is two `half-bearing` components, so qty_in_model 26 = 13 bearings"
Hexalobular_Socket_Pan_Head_Screw_ISO_14583_-_M3x10_Steel_4.6_Plain,Hexalobular Socket Pan Head Screw ISO 14583 - M3x10 Steel 4.6 Plain,771,,,,,,,"one tree.csv component for 771 occurrences of 9 different names in transforms.csv (M3x10 411, M4x10 300, M3.5x10 28, M3x12 16, M5x10 7, M5x12 7, Chamfered Bottom Hex Machine Screw Nut ANSI B18.6.3 - 3-56 Steel Grade 2H Plain 2); no single BOM row can be tied to a lumped family, the per-size counts are reported against the screw rows instead. Fusion models ISO 14583 hexalobular *pan*-head screws; the team BOM's screw lines say button head **UNVERIFIED**, and give no quantity"
Small_Wires_Midplate_Rough,Small Wires Midplate Rough,1,,,,,,,wiring harness lump; no single BOM row (see cables-connectors.csv and the wiring pages)
IntelRealsense_D435_Multibody_v9_1,IntelRealsense_D435_Multibody v9 (1),1,EL_CAM_D436,electronics.csv,Intel RealSense D436 depth camera,D436,RealSense Store,https://store.realsenseai.com/buy-intel-realsense-depth-camera-d436.html,Fusion component is the Intel RealSense D435 model; the BOM row is the D436
Component31_1,Component31 (1),1,EL_CAM_D436,electronics.csv,Intel RealSense D436 depth camera,D436,RealSense Store,https://store.realsenseai.com/buy-intel-realsense-depth-camera-d436.html,via `IntelRealsense_D435_Multibody v9 (1)`; Fusion component is the Intel RealSense D435 model; the BOM row is the D436
Component32_1,Component32 (1),1,EL_CAM_D436,electronics.csv,Intel RealSense D436 depth camera,D436,RealSense Store,https://store.realsenseai.com/buy-intel-realsense-depth-camera-d436.html,via `IntelRealsense_D435_Multibody v9 (1)`; Fusion component is the Intel RealSense D435 model; the BOM row is the D436
Component33_1,Component33 (1),1,EL_CAM_D436,electronics.csv,Intel RealSense D436 depth camera,D436,RealSense Store,https://store.realsenseai.com/buy-intel-realsense-depth-camera-d436.html,via `IntelRealsense_D435_Multibody v9 (1)`; Fusion component is the Intel RealSense D435 model; the BOM row is the D436
Component34_1,Component34 (1),1,EL_CAM_D436,electronics.csv,Intel RealSense D436 depth camera,D436,RealSense Store,https://store.realsenseai.com/buy-intel-realsense-depth-camera-d436.html,via `IntelRealsense_D435_Multibody v9 (1)`; Fusion component is the Intel RealSense D435 model; the BOM row is the D436
Component35_1,Component35 (1),1,EL_CAM_D436,electronics.csv,Intel RealSense D436 depth camera,D436,RealSense Store,https://store.realsenseai.com/buy-intel-realsense-depth-camera-d436.html,via `IntelRealsense_D435_Multibody v9 (1)`; Fusion component is the Intel RealSense D435 model; the BOM row is the D436
Component36_1,Component36 (1),1,EL_CAM_D436,electronics.csv,Intel RealSense D436 depth camera,D436,RealSense Store,https://store.realsenseai.com/buy-intel-realsense-depth-camera-d436.html,via `IntelRealsense_D435_Multibody v9 (1)`; Fusion component is the Intel RealSense D435 model; the BOM row is the D436
Component37_1,Component37 (1),1,EL_CAM_D436,electronics.csv,Intel RealSense D436 depth camera,D436,RealSense Store,https://store.realsenseai.com/buy-intel-realsense-depth-camera-d436.html,via `IntelRealsense_D435_Multibody v9 (1)`; Fusion component is the Intel RealSense D435 model; the BOM row is the D436
glass_1,glass (1),1,EL_CAM_D436,electronics.csv,Intel RealSense D436 depth camera,D436,RealSense Store,https://store.realsenseai.com/buy-intel-realsense-depth-camera-d436.html,via `IntelRealsense_D435_Multibody v9 (1)`; Fusion component is the Intel RealSense D435 model; the BOM row is the D436
U-joint_type_C_adapter_v3_1,U-joint_type_C_adapter v3 (1),1,EL_USBC_ADAPTER,electronics.csv,"USB-C right-angle adapter, camera cable to the D436",,,,Fusion name `U-joint_type_C_adapter v3`: the USB-C right-angle adapter on each camera (site line E21)
bearing_1,bearing (1),1,,,,,,,"bearing of unstated size (Fusion name `bearing`, inside the purchased camera gimbal column); fasteners.csv lists bearings by size only, so no row can be tied to it"
0001755652_1_1_30_GR-2202_ASM_1_ASM_1_1_30_GR-2202_ASM_FL46BLW10-48V-5N.m-DE_2__FL46BLW10-48V-5N.m-DE_1_1,0001755652^1_1_30_GR-2202_ASM_1_ASM_1_1_30_GR-2202_ASM_FL46BLW10-48V-5N.m-DE(2)_FL46BLW10-48V-5N.m-DE (1) (1),2,ACT_RS05,actuators.csv,RobStride 05 quasi-direct-drive actuator,RobStride 05,AiFitLab,https://aifitlab.com/products/robstride-05-motor,via `robstride05 v16 (1) (1)`
0001755650_00MINI-000_ASM_1_ASM_1_ASM_00MINI-_20250103_A0001_ASM_1_AS_ASM_1_1_30_GR-2202_ASM_1_ASM_1_1_30_GR-2202_ASM_FL46BLW10-48V-5N.m-DE_2__FL46BLW10-48V-5N.m-DE_1_1,0001755650^00MINI-000_ASM_1_ASM_1_ASM_00MINI-_20250103_A0001_ASM_1_AS_ASM_1_1_30_GR-2202_ASM_1_ASM_1_1_30_GR-2202_ASM_FL46BLW10-48V-5N.m-DE(2)_FL46BLW10-48V-5N.m-DE (1) (1),1,ACT_RS05,actuators.csv,RobStride 05 quasi-direct-drive actuator,RobStride 05,AiFitLab,https://aifitlab.com/products/robstride-05-motor,via `robstride05 v16 (1) (1)`
0001755652_00MINI-000_ASM_1_ASM_1_ASM_00MINI-_20250103_A0001_ASM_1_AS_ASM_1_1_30_GR-2202_ASM_1_ASM_1_1_30_GR-2202_ASM_FL46BLW10-48V-5N.m-DE_2__FL46BLW10-48V-5N.m-DE_1_1,0001755652^00MINI-000_ASM_1_ASM_1_ASM_00MINI-_20250103_A0001_ASM_1_AS_ASM_1_1_30_GR-2202_ASM_1_ASM_1_1_30_GR-2202_ASM_FL46BLW10-48V-5N.m-DE(2)_FL46BLW10-48V-5N.m-DE (1) (1),1,ACT_RS05,actuators.csv,RobStride 05 quasi-direct-drive actuator,RobStride 05,AiFitLab,https://aifitlab.com/products/robstride-05-motor,via `robstride05 v16 (1) (1)`
1_21_121000022__610001_1_1_00MINI-000_ASM_1_ASM_1_ASM_00MINI-_20250103_A0001_ASM_1_AS_ASM_1_1_30_GR-2202_ASM_1_ASM_1_1_30_GR-2202_ASM_FL46BLW10-48V-5N.m-DE_2__FL46BLW10-48V-5N.m-DE_1_1,1_21_121000022__610001_1_1^00MINI-000_ASM_1_ASM_1_ASM_00MINI-_20250103_A0001_ASM_1_AS_ASM_1_1_30_GR-2202_ASM_1_ASM_1_1_30_GR-2202_ASM_FL46BLW10-48V-5N.m-DE(2)_FL46BLW10-48V-5N.m-DE (1) (1),1,ACT_RS05,actuators.csv,RobStride 05 quasi-direct-drive actuator,RobStride 05,AiFitLab,https://aifitlab.com/products/robstride-05-motor,via `robstride05 v16 (1) (1)`
6706__300001_1_1_00MINI-000_ASM_1_ASM_1_ASM_00MINI-_20250103_A0001_ASM_1_AS_ASM_1_1_30_GR-2202_ASM_1_ASM_1_1_30_GR-2202_ASM_FL46BLW10-48V-5N.m-DE_2__FL46BLW10-48V-5N.m-DE_1_1,6706__300001_1_1^00MINI-000_ASM_1_ASM_1_ASM_00MINI-_20250103_A0001_ASM_1_AS_ASM_1_1_30_GR-2202_ASM_1_ASM_1_1_30_GR-2202_ASM_FL46BLW10-48V-5N.m-DE(2)_FL46BLW10-48V-5N.m-DE (1) (1),1,ACT_RS05,actuators.csv,RobStride 05 quasi-direct-drive actuator,RobStride 05,AiFitLab,https://aifitlab.com/products/robstride-05-motor,via `robstride05 v16 (1) (1)`
Component59_1,Component59 (1),1,ACT_RS05,actuators.csv,RobStride 05 quasi-direct-drive actuator,RobStride 05,AiFitLab,https://aifitlab.com/products/robstride-05-motor,via `robstride05 v16 (1) (1)`
1_1_02_EB461-502_FL46BLW10-48V-5N.m-DE_2__FL46BLW10-48V-5N.m-DE_1_1,1_1_02_EB461-502^FL46BLW10-48V-5N.m-DE(2)_FL46BLW10-48V-5N.m-DE (1) (1),1,ACT_RS05,actuators.csv,RobStride 05 quasi-direct-drive actuator,RobStride 05,AiFitLab,https://aifitlab.com/products/robstride-05-motor,via `robstride05 v16 (1) (1)`
1_1_06_EB463-507_FL46BLW10-48V-5N.m-DE_2__FL46BLW10-48V-5N.m-DE_1_1,1_1_06_EB463-507^FL46BLW10-48V-5N.m-DE(2)_FL46BLW10-48V-5N.m-DE (1) (1),1,ACT_RS05,actuators.csv,RobStride 05 quasi-direct-drive actuator,RobStride 05,AiFitLab,https://aifitlab.com/products/robstride-05-motor,via `robstride05 v16 (1) (1)`
1_1_06_EB463-509_FL46BLW10-48V-5N.m-DE_2__FL46BLW10-48V-5N.m-DE_1_1,1_1_06_EB463-509^FL46BLW10-48V-5N.m-DE(2)_FL46BLW10-48V-5N.m-DE (1) (1),1,ACT_RS05,actuators.csv,RobStride 05 quasi-direct-drive actuator,RobStride 05,AiFitLab,https://aifitlab.com/products/robstride-05-motor,via `robstride05 v16 (1) (1)`
1_1_31_EB463-510_FL46BLW10-48V-5N.m-DE_2__FL46BLW10-48V-5N.m-DE_1_1,1_1_31_EB463-510^FL46BLW10-48V-5N.m-DE(2)_FL46BLW10-48V-5N.m-DE (1) (1),1,ACT_RS05,actuators.csv,RobStride 05 quasi-direct-drive actuator,RobStride 05,AiFitLab,https://aifitlab.com/products/robstride-05-motor,via `robstride05 v16 (1) (1)`
1_2_05_000438_FL46BLW10-48V-5N.m-DE_2__FL46BLW10-48V-5N.m-DE_1_1,1_2_05_000438^FL46BLW10-48V-5N.m-DE(2)_FL46BLW10-48V-5N.m-DE (1) (1),8,ACT_RS05,actuators.csv,RobStride 05 quasi-direct-drive actuator,RobStride 05,AiFitLab,https://aifitlab.com/products/robstride-05-motor,via `robstride05 v16 (1) (1)`
1_2_05_000555_FL46BLW10-48V-5N.m-DE_2__FL46BLW10-48V-5N.m-DE_1_1,1_2_05_000555^FL46BLW10-48V-5N.m-DE(2)_FL46BLW10-48V-5N.m-DE (1) (1),8,ACT_RS05,actuators.csv,RobStride 05 quasi-direct-drive actuator,RobStride 05,AiFitLab,https://aifitlab.com/products/robstride-05-motor,via `robstride05 v16 (1) (1)`
1_2_05_000608_FL46BLW10-48V-5N.m-DE_2__FL46BLW10-48V-5N.m-DE_1_1,1_2_05_000608^FL46BLW10-48V-5N.m-DE(2)_FL46BLW10-48V-5N.m-DE (1) (1),4,ACT_RS05,actuators.csv,RobStride 05 quasi-direct-drive actuator,RobStride 05,AiFitLab,https://aifitlab.com/products/robstride-05-motor,via `robstride05 v16 (1) (1)`
1_2_05_020051_FL46BLW10-48V-5N.m-DE_2__FL46BLW10-48V-5N.m-DE_1_1,1_2_05_020051^FL46BLW10-48V-5N.m-DE(2)_FL46BLW10-48V-5N.m-DE (1) (1),3,ACT_RS05,actuators.csv,RobStride 05 quasi-direct-drive actuator,RobStride 05,AiFitLab,https://aifitlab.com/products/robstride-05-motor,via `robstride05 v16 (1) (1)`
1_2_16_001425_FL46BLW10-48V-5N.m-DE_2__FL46BLW10-48V-5N.m-DE_1_1,1_2_16_001425^FL46BLW10-48V-5N.m-DE(2)_FL46BLW10-48V-5N.m-DE (1) (1),1,ACT_RS05,actuators.csv,RobStride 05 quasi-direct-drive actuator,RobStride 05,AiFitLab,https://aifitlab.com/products/robstride-05-motor,via `robstride05 v16 (1) (1)`
0001755652_1_1_30_GR-2202_ASM_1_ASM_1_1_30_GR-2202_ASM_FL46BLW10-48V-5N.m-DE_2__FL46BLW10-48V-5N.m-DE_2_1,0001755652^1_1_30_GR-2202_ASM_1_ASM_1_1_30_GR-2202_ASM_FL46BLW10-48V-5N.m-DE(2)_FL46BLW10-48V-5N.m-DE (2) (1),2,ACT_RS05,actuators.csv,RobStride 05 quasi-direct-drive actuator,RobStride 05,AiFitLab,https://aifitlab.com/products/robstride-05-motor,via `robstride05 v16 (2) (1)`
0001755650_00MINI-000_ASM_1_ASM_1_ASM_00MINI-_20250103_A0001_ASM_1_AS_ASM_1_1_30_GR-2202_ASM_1_ASM_1_1_30_GR-2202_ASM_FL46BLW10-48V-5N.m-DE_2__FL46BLW10-48V-5N.m-DE_2_1,0001755650^00MINI-000_ASM_1_ASM_1_ASM_00MINI-_20250103_A0001_ASM_1_AS_ASM_1_1_30_GR-2202_ASM_1_ASM_1_1_30_GR-2202_ASM_FL46BLW10-48V-5N.m-DE(2)_FL46BLW10-48V-5N.m-DE (2) (1),1,ACT_RS05,actuators.csv,RobStride 05 quasi-direct-drive actuator,RobStride 05,AiFitLab,https://aifitlab.com/products/robstride-05-motor,via `robstride05 v16 (2) (1)`
0001755652_00MINI-000_ASM_1_ASM_1_ASM_00MINI-_20250103_A0001_ASM_1_AS_ASM_1_1_30_GR-2202_ASM_1_ASM_1_1_30_GR-2202_ASM_FL46BLW10-48V-5N.m-DE_2__FL46BLW10-48V-5N.m-DE_2_1,0001755652^00MINI-000_ASM_1_ASM_1_ASM_00MINI-_20250103_A0001_ASM_1_AS_ASM_1_1_30_GR-2202_ASM_1_ASM_1_1_30_GR-2202_ASM_FL46BLW10-48V-5N.m-DE(2)_FL46BLW10-48V-5N.m-DE (2) (1),1,ACT_RS05,actuators.csv,RobStride 05 quasi-direct-drive actuator,RobStride 05,AiFitLab,https://aifitlab.com/products/robstride-05-motor,via `robstride05 v16 (2) (1)`
1_21_121000022__610001_1_1_00MINI-000_ASM_1_ASM_1_ASM_00MINI-_20250103_A0001_ASM_1_AS_ASM_1_1_30_GR-2202_ASM_1_ASM_1_1_30_GR-2202_ASM_FL46BLW10-48V-5N.m-DE_2__FL46BLW10-48V-5N.m-DE_2_1,1_21_121000022__610001_1_1^00MINI-000_ASM_1_ASM_1_ASM_00MINI-_20250103_A0001_ASM_1_AS_ASM_1_1_30_GR-2202_ASM_1_ASM_1_1_30_GR-2202_ASM_FL46BLW10-48V-5N.m-DE(2)_FL46BLW10-48V-5N.m-DE (2) (1),1,ACT_RS05,actuators.csv,RobStride 05 quasi-direct-drive actuator,RobStride 05,AiFitLab,https://aifitlab.com/products/robstride-05-motor,via `robstride05 v16 (2) (1)`
6706__300001_1_1_00MINI-000_ASM_1_ASM_1_ASM_00MINI-_20250103_A0001_ASM_1_AS_ASM_1_1_30_GR-2202_ASM_1_ASM_1_1_30_GR-2202_ASM_FL46BLW10-48V-5N.m-DE_2__FL46BLW10-48V-5N.m-DE_2_1,6706__300001_1_1^00MINI-000_ASM_1_ASM_1_ASM_00MINI-_20250103_A0001_ASM_1_AS_ASM_1_1_30_GR-2202_ASM_1_ASM_1_1_30_GR-2202_ASM_FL46BLW10-48V-5N.m-DE(2)_FL46BLW10-48V-5N.m-DE (2) (1),1,ACT_RS05,actuators.csv,RobStride 05 quasi-direct-drive actuator,RobStride 05,AiFitLab,https://aifitlab.com/products/robstride-05-motor,via `robstride05 v16 (2) (1)`
Component80_1,Component80 (1),1,ACT_RS05,actuators.csv,RobStride 05 quasi-direct-drive actuator,RobStride 05,AiFitLab,https://aifitlab.com/products/robstride-05-motor,via `robstride05 v16 (2) (1)`
1_1_02_EB461-502_FL46BLW10-48V-5N.m-DE_2__FL46BLW10-48V-5N.m-DE_2_1,1_1_02_EB461-502^FL46BLW10-48V-5N.m-DE(2)_FL46BLW10-48V-5N.m-DE (2) (1),1,ACT_RS05,actuators.csv,RobStride 05 quasi-direct-drive actuator,RobStride 05,AiFitLab,https://aifitlab.com/products/robstride-05-motor,via `robstride05 v16 (2) (1)`
1_1_06_EB463-507_FL46BLW10-48V-5N.m-DE_2__FL46BLW10-48V-5N.m-DE_2_1,1_1_06_EB463-507^FL46BLW10-48V-5N.m-DE(2)_FL46BLW10-48V-5N.m-DE (2) (1),1,ACT_RS05,actuators.csv,RobStride 05 quasi-direct-drive actuator,RobStride 05,AiFitLab,https://aifitlab.com/products/robstride-05-motor,via `robstride05 v16 (2) (1)`
1_1_06_EB463-509_FL46BLW10-48V-5N.m-DE_2__FL46BLW10-48V-5N.m-DE_2_1,1_1_06_EB463-509^FL46BLW10-48V-5N.m-DE(2)_FL46BLW10-48V-5N.m-DE (2) (1),1,ACT_RS05,actuators.csv,RobStride 05 quasi-direct-drive actuator,RobStride 05,AiFitLab,https://aifitlab.com/products/robstride-05-motor,via `robstride05 v16 (2) (1)`
1_1_31_EB463-510_FL46BLW10-48V-5N.m-DE_2__FL46BLW10-48V-5N.m-DE_2_1,1_1_31_EB463-510^FL46BLW10-48V-5N.m-DE(2)_FL46BLW10-48V-5N.m-DE (2) (1),1,ACT_RS05,actuators.csv,RobStride 05 quasi-direct-drive actuator,RobStride 05,AiFitLab,https://aifitlab.com/products/robstride-05-motor,via `robstride05 v16 (2) (1)`
1_2_05_000438_FL46BLW10-48V-5N.m-DE_2__FL46BLW10-48V-5N.m-DE_2_1,1_2_05_000438^FL46BLW10-48V-5N.m-DE(2)_FL46BLW10-48V-5N.m-DE (2) (1),8,ACT_RS05,actuators.csv,RobStride 05 quasi-direct-drive actuator,RobStride 05,AiFitLab,https://aifitlab.com/products/robstride-05-motor,via `robstride05 v16 (2) (1)`
1_2_05_000555_FL46BLW10-48V-5N.m-DE_2__FL46BLW10-48V-5N.m-DE_2_1,1_2_05_000555^FL46BLW10-48V-5N.m-DE(2)_FL46BLW10-48V-5N.m-DE (2) (1),8,ACT_RS05,actuators.csv,RobStride 05 quasi-direct-drive actuator,RobStride 05,AiFitLab,https://aifitlab.com/products/robstride-05-motor,via `robstride05 v16 (2) (1)`
1_2_05_000608_FL46BLW10-48V-5N.m-DE_2__FL46BLW10-48V-5N.m-DE_2_1,1_2_05_000608^FL46BLW10-48V-5N.m-DE(2)_FL46BLW10-48V-5N.m-DE (2) (1),4,ACT_RS05,actuators.csv,RobStride 05 quasi-direct-drive actuator,RobStride 05,AiFitLab,https://aifitlab.com/products/robstride-05-motor,via `robstride05 v16 (2) (1)`
1_2_05_020051_FL46BLW10-48V-5N.m-DE_2__FL46BLW10-48V-5N.m-DE_2_1,1_2_05_020051^FL46BLW10-48V-5N.m-DE(2)_FL46BLW10-48V-5N.m-DE (2) (1),3,ACT_RS05,actuators.csv,RobStride 05 quasi-direct-drive actuator,RobStride 05,AiFitLab,https://aifitlab.com/products/robstride-05-motor,via `robstride05 v16 (2) (1)`
1_2_16_001425_FL46BLW10-48V-5N.m-DE_2__FL46BLW10-48V-5N.m-DE_2_1,1_2_16_001425^FL46BLW10-48V-5N.m-DE(2)_FL46BLW10-48V-5N.m-DE (2) (1),1,ACT_RS05,actuators.csv,RobStride 05 quasi-direct-drive actuator,RobStride 05,AiFitLab,https://aifitlab.com/products/robstride-05-motor,via `robstride05 v16 (2) (1)`
schematics_1,schematics (1),1,,,,,,,sketch/section carrier; no manufacturing content
IntelRealsense_D435_Multibody,IntelRealsense_D435_Multibody v9,1,EL_CAM_D436,electronics.csv,Intel RealSense D436 depth camera,D436,RealSense Store,https://store.realsenseai.com/buy-intel-realsense-depth-camera-d436.html,Fusion component is the Intel RealSense D435 model; the BOM row is the D436
Component31,Component31,1,EL_CAM_D436,electronics.csv,Intel RealSense D436 depth camera,D436,RealSense Store,https://store.realsenseai.com/buy-intel-realsense-depth-camera-d436.html,via `IntelRealsense_D435_Multibody v9`; Fusion component is the Intel RealSense D435 model; the BOM row is the D436
Component32,Component32,1,EL_CAM_D436,electronics.csv,Intel RealSense D436 depth camera,D436,RealSense Store,https://store.realsenseai.com/buy-intel-realsense-depth-camera-d436.html,via `IntelRealsense_D435_Multibody v9`; Fusion component is the Intel RealSense D435 model; the BOM row is the D436
Component33,Component33,1,EL_CAM_D436,electronics.csv,Intel RealSense D436 depth camera,D436,RealSense Store,https://store.realsenseai.com/buy-intel-realsense-depth-camera-d436.html,via `IntelRealsense_D435_Multibody v9`; Fusion component is the Intel RealSense D435 model; the BOM row is the D436
Component34,Component34,1,EL_CAM_D436,electronics.csv,Intel RealSense D436 depth camera,D436,RealSense Store,https://store.realsenseai.com/buy-intel-realsense-depth-camera-d436.html,via `IntelRealsense_D435_Multibody v9`; Fusion component is the Intel RealSense D435 model; the BOM row is the D436
Component35,Component35,1,EL_CAM_D436,electronics.csv,Intel RealSense D436 depth camera,D436,RealSense Store,https://store.realsenseai.com/buy-intel-realsense-depth-camera-d436.html,via `IntelRealsense_D435_Multibody v9`; Fusion component is the Intel RealSense D435 model; the BOM row is the D436
Component36,Component36,1,EL_CAM_D436,electronics.csv,Intel RealSense D436 depth camera,D436,RealSense Store,https://store.realsenseai.com/buy-intel-realsense-depth-camera-d436.html,via `IntelRealsense_D435_Multibody v9`; Fusion component is the Intel RealSense D435 model; the BOM row is the D436
Component37,Component37,1,EL_CAM_D436,electronics.csv,Intel RealSense D436 depth camera,D436,RealSense Store,https://store.realsenseai.com/buy-intel-realsense-depth-camera-d436.html,via `IntelRealsense_D435_Multibody v9`; Fusion component is the Intel RealSense D435 model; the BOM row is the D436
glass,glass,1,EL_CAM_D436,electronics.csv,Intel RealSense D436 depth camera,D436,RealSense Store,https://store.realsenseai.com/buy-intel-realsense-depth-camera-d436.html,via `IntelRealsense_D435_Multibody v9`; Fusion component is the Intel RealSense D435 model; the BOM row is the D436
U-joint_type_C_adapter,U-joint_type_C_adapter v3,1,EL_USBC_ADAPTER,electronics.csv,"USB-C right-angle adapter, camera cable to the D436",,,,Fusion name `U-joint_type_C_adapter v3`: the USB-C right-angle adapter on each camera (site line E21)
bearing,bearing,1,FAS_BEARING_10X15X4,fasteners.csv,"Ball bearing, 10 x 15 x 4 mm",,Amazon,https://www.amazon.com/uxcell-6700-2RS-Groove-Bearings-Double/dp/B082PR3DFZ,"Fusion component `bearing` in the camera column, 15 x 15 x 4 mm box: the 10 x 15 x 4 bearing H5; 2 of this size modelled per transforms.csv, all fitted loose"
0001755652_1_1_30_GR-2202_ASM_1_ASM_1_1_30_GR-2202_ASM_FL46BLW10-48V-5N.m-DE_2__FL46BLW10-48V-5N.m-DE_1,0001755652^1_1_30_GR-2202_ASM_1_ASM_1_1_30_GR-2202_ASM_FL46BLW10-48V-5N.m-DE(2)_FL46BLW10-48V-5N.m-DE (1),2,ACT_RS05,actuators.csv,RobStride 05 quasi-direct-drive actuator,RobStride 05,AiFitLab,https://aifitlab.com/products/robstride-05-motor,via `robstride05 v16 (1)`
0001755650_00MINI-000_ASM_1_ASM_1_ASM_00MINI-_20250103_A0001_ASM_1_AS_ASM_1_1_30_GR-2202_ASM_1_ASM_1_1_30_GR-2202_ASM_FL46BLW10-48V-5N.m-DE_2__FL46BLW10-48V-5N.m-DE_1,0001755650^00MINI-000_ASM_1_ASM_1_ASM_00MINI-_20250103_A0001_ASM_1_AS_ASM_1_1_30_GR-2202_ASM_1_ASM_1_1_30_GR-2202_ASM_FL46BLW10-48V-5N.m-DE(2)_FL46BLW10-48V-5N.m-DE (1),1,ACT_RS05,actuators.csv,RobStride 05 quasi-direct-drive actuator,RobStride 05,AiFitLab,https://aifitlab.com/products/robstride-05-motor,via `robstride05 v16 (1)`
0001755652_00MINI-000_ASM_1_ASM_1_ASM_00MINI-_20250103_A0001_ASM_1_AS_ASM_1_1_30_GR-2202_ASM_1_ASM_1_1_30_GR-2202_ASM_FL46BLW10-48V-5N.m-DE_2__FL46BLW10-48V-5N.m-DE_1,0001755652^00MINI-000_ASM_1_ASM_1_ASM_00MINI-_20250103_A0001_ASM_1_AS_ASM_1_1_30_GR-2202_ASM_1_ASM_1_1_30_GR-2202_ASM_FL46BLW10-48V-5N.m-DE(2)_FL46BLW10-48V-5N.m-DE (1),1,ACT_RS05,actuators.csv,RobStride 05 quasi-direct-drive actuator,RobStride 05,AiFitLab,https://aifitlab.com/products/robstride-05-motor,via `robstride05 v16 (1)`
1_21_121000022__610001_1_1_00MINI-000_ASM_1_ASM_1_ASM_00MINI-_20250103_A0001_ASM_1_AS_ASM_1_1_30_GR-2202_ASM_1_ASM_1_1_30_GR-2202_ASM_FL46BLW10-48V-5N.m-DE_2__FL46BLW10-48V-5N.m-DE_1,1_21_121000022__610001_1_1^00MINI-000_ASM_1_ASM_1_ASM_00MINI-_20250103_A0001_ASM_1_AS_ASM_1_1_30_GR-2202_ASM_1_ASM_1_1_30_GR-2202_ASM_FL46BLW10-48V-5N.m-DE(2)_FL46BLW10-48V-5N.m-DE (1),1,ACT_RS05,actuators.csv,RobStride 05 quasi-direct-drive actuator,RobStride 05,AiFitLab,https://aifitlab.com/products/robstride-05-motor,via `robstride05 v16 (1)`
6706__300001_1_1_00MINI-000_ASM_1_ASM_1_ASM_00MINI-_20250103_A0001_ASM_1_AS_ASM_1_1_30_GR-2202_ASM_1_ASM_1_1_30_GR-2202_ASM_FL46BLW10-48V-5N.m-DE_2__FL46BLW10-48V-5N.m-DE_1,6706__300001_1_1^00MINI-000_ASM_1_ASM_1_ASM_00MINI-_20250103_A0001_ASM_1_AS_ASM_1_1_30_GR-2202_ASM_1_ASM_1_1_30_GR-2202_ASM_FL46BLW10-48V-5N.m-DE(2)_FL46BLW10-48V-5N.m-DE (1),1,ACT_RS05,actuators.csv,RobStride 05 quasi-direct-drive actuator,RobStride 05,AiFitLab,https://aifitlab.com/products/robstride-05-motor,via `robstride05 v16 (1)`
Component59,Component59,1,ACT_RS05,actuators.csv,RobStride 05 quasi-direct-drive actuator,RobStride 05,AiFitLab,https://aifitlab.com/products/robstride-05-motor,via `robstride05 v16 (1)`
1_1_02_EB461-502_FL46BLW10-48V-5N.m-DE_2__FL46BLW10-48V-5N.m-DE_1,1_1_02_EB461-502^FL46BLW10-48V-5N.m-DE(2)_FL46BLW10-48V-5N.m-DE (1),1,ACT_RS05,actuators.csv,RobStride 05 quasi-direct-drive actuator,RobStride 05,AiFitLab,https://aifitlab.com/products/robstride-05-motor,via `robstride05 v16 (1)`
1_1_06_EB463-507_FL46BLW10-48V-5N.m-DE_2__FL46BLW10-48V-5N.m-DE_1,1_1_06_EB463-507^FL46BLW10-48V-5N.m-DE(2)_FL46BLW10-48V-5N.m-DE (1),1,ACT_RS05,actuators.csv,RobStride 05 quasi-direct-drive actuator,RobStride 05,AiFitLab,https://aifitlab.com/products/robstride-05-motor,via `robstride05 v16 (1)`
1_1_06_EB463-509_FL46BLW10-48V-5N.m-DE_2__FL46BLW10-48V-5N.m-DE_1,1_1_06_EB463-509^FL46BLW10-48V-5N.m-DE(2)_FL46BLW10-48V-5N.m-DE (1),1,ACT_RS05,actuators.csv,RobStride 05 quasi-direct-drive actuator,RobStride 05,AiFitLab,https://aifitlab.com/products/robstride-05-motor,via `robstride05 v16 (1)`
1_1_31_EB463-510_FL46BLW10-48V-5N.m-DE_2__FL46BLW10-48V-5N.m-DE_1,1_1_31_EB463-510^FL46BLW10-48V-5N.m-DE(2)_FL46BLW10-48V-5N.m-DE (1),1,ACT_RS05,actuators.csv,RobStride 05 quasi-direct-drive actuator,RobStride 05,AiFitLab,https://aifitlab.com/products/robstride-05-motor,via `robstride05 v16 (1)`
1_2_05_000438_FL46BLW10-48V-5N.m-DE_2__FL46BLW10-48V-5N.m-DE_1,1_2_05_000438^FL46BLW10-48V-5N.m-DE(2)_FL46BLW10-48V-5N.m-DE (1),8,ACT_RS05,actuators.csv,RobStride 05 quasi-direct-drive actuator,RobStride 05,AiFitLab,https://aifitlab.com/products/robstride-05-motor,via `robstride05 v16 (1)`
1_2_05_000555_FL46BLW10-48V-5N.m-DE_2__FL46BLW10-48V-5N.m-DE_1,1_2_05_000555^FL46BLW10-48V-5N.m-DE(2)_FL46BLW10-48V-5N.m-DE (1),8,ACT_RS05,actuators.csv,RobStride 05 quasi-direct-drive actuator,RobStride 05,AiFitLab,https://aifitlab.com/products/robstride-05-motor,via `robstride05 v16 (1)`
1_2_05_000608_FL46BLW10-48V-5N.m-DE_2__FL46BLW10-48V-5N.m-DE_1,1_2_05_000608^FL46BLW10-48V-5N.m-DE(2)_FL46BLW10-48V-5N.m-DE (1),4,ACT_RS05,actuators.csv,RobStride 05 quasi-direct-drive actuator,RobStride 05,AiFitLab,https://aifitlab.com/products/robstride-05-motor,via `robstride05 v16 (1)`
1_2_05_020051_FL46BLW10-48V-5N.m-DE_2__FL46BLW10-48V-5N.m-DE_1,1_2_05_020051^FL46BLW10-48V-5N.m-DE(2)_FL46BLW10-48V-5N.m-DE (1),3,ACT_RS05,actuators.csv,RobStride 05 quasi-direct-drive actuator,RobStride 05,AiFitLab,https://aifitlab.com/products/robstride-05-motor,via `robstride05 v16 (1)`
1_2_16_001425_FL46BLW10-48V-5N.m-DE_2__FL46BLW10-48V-5N.m-DE_1,1_2_16_001425^FL46BLW10-48V-5N.m-DE(2)_FL46BLW10-48V-5N.m-DE (1),1,ACT_RS05,actuators.csv,RobStride 05 quasi-direct-drive actuator,RobStride 05,AiFitLab,https://aifitlab.com/products/robstride-05-motor,via `robstride05 v16 (1)`
0001755652_1_1_30_GR-2202_ASM_1_ASM_1_1_30_GR-2202_ASM_FL46BLW10-48V-5N.m-DE_2__FL46BLW10-48V-5N.m-DE_2,0001755652^1_1_30_GR-2202_ASM_1_ASM_1_1_30_GR-2202_ASM_FL46BLW10-48V-5N.m-DE(2)_FL46BLW10-48V-5N.m-DE (2),2,ACT_RS05,actuators.csv,RobStride 05 quasi-direct-drive actuator,RobStride 05,AiFitLab,https://aifitlab.com/products/robstride-05-motor,via `robstride05 v16 (2)`
0001755650_00MINI-000_ASM_1_ASM_1_ASM_00MINI-_20250103_A0001_ASM_1_AS_ASM_1_1_30_GR-2202_ASM_1_ASM_1_1_30_GR-2202_ASM_FL46BLW10-48V-5N.m-DE_2__FL46BLW10-48V-5N.m-DE_2,0001755650^00MINI-000_ASM_1_ASM_1_ASM_00MINI-_20250103_A0001_ASM_1_AS_ASM_1_1_30_GR-2202_ASM_1_ASM_1_1_30_GR-2202_ASM_FL46BLW10-48V-5N.m-DE(2)_FL46BLW10-48V-5N.m-DE (2),1,ACT_RS05,actuators.csv,RobStride 05 quasi-direct-drive actuator,RobStride 05,AiFitLab,https://aifitlab.com/products/robstride-05-motor,via `robstride05 v16 (2)`
0001755652_00MINI-000_ASM_1_ASM_1_ASM_00MINI-_20250103_A0001_ASM_1_AS_ASM_1_1_30_GR-2202_ASM_1_ASM_1_1_30_GR-2202_ASM_FL46BLW10-48V-5N.m-DE_2__FL46BLW10-48V-5N.m-DE_2,0001755652^00MINI-000_ASM_1_ASM_1_ASM_00MINI-_20250103_A0001_ASM_1_AS_ASM_1_1_30_GR-2202_ASM_1_ASM_1_1_30_GR-2202_ASM_FL46BLW10-48V-5N.m-DE(2)_FL46BLW10-48V-5N.m-DE (2),1,ACT_RS05,actuators.csv,RobStride 05 quasi-direct-drive actuator,RobStride 05,AiFitLab,https://aifitlab.com/products/robstride-05-motor,via `robstride05 v16 (2)`
1_21_121000022__610001_1_1_00MINI-000_ASM_1_ASM_1_ASM_00MINI-_20250103_A0001_ASM_1_AS_ASM_1_1_30_GR-2202_ASM_1_ASM_1_1_30_GR-2202_ASM_FL46BLW10-48V-5N.m-DE_2__FL46BLW10-48V-5N.m-DE_2,1_21_121000022__610001_1_1^00MINI-000_ASM_1_ASM_1_ASM_00MINI-_20250103_A0001_ASM_1_AS_ASM_1_1_30_GR-2202_ASM_1_ASM_1_1_30_GR-2202_ASM_FL46BLW10-48V-5N.m-DE(2)_FL46BLW10-48V-5N.m-DE (2),1,ACT_RS05,actuators.csv,RobStride 05 quasi-direct-drive actuator,RobStride 05,AiFitLab,https://aifitlab.com/products/robstride-05-motor,via `robstride05 v16 (2)`
6706__300001_1_1_00MINI-000_ASM_1_ASM_1_ASM_00MINI-_20250103_A0001_ASM_1_AS_ASM_1_1_30_GR-2202_ASM_1_ASM_1_1_30_GR-2202_ASM_FL46BLW10-48V-5N.m-DE_2__FL46BLW10-48V-5N.m-DE_2,6706__300001_1_1^00MINI-000_ASM_1_ASM_1_ASM_00MINI-_20250103_A0001_ASM_1_AS_ASM_1_1_30_GR-2202_ASM_1_ASM_1_1_30_GR-2202_ASM_FL46BLW10-48V-5N.m-DE(2)_FL46BLW10-48V-5N.m-DE (2),1,ACT_RS05,actuators.csv,RobStride 05 quasi-direct-drive actuator,RobStride 05,AiFitLab,https://aifitlab.com/products/robstride-05-motor,via `robstride05 v16 (2)`
Component80,Component80,1,ACT_RS05,actuators.csv,RobStride 05 quasi-direct-drive actuator,RobStride 05,AiFitLab,https://aifitlab.com/products/robstride-05-motor,via `robstride05 v16 (2)`
1_1_02_EB461-502_FL46BLW10-48V-5N.m-DE_2__FL46BLW10-48V-5N.m-DE_2,1_1_02_EB461-502^FL46BLW10-48V-5N.m-DE(2)_FL46BLW10-48V-5N.m-DE (2),1,ACT_RS05,actuators.csv,RobStride 05 quasi-direct-drive actuator,RobStride 05,AiFitLab,https://aifitlab.com/products/robstride-05-motor,via `robstride05 v16 (2)`
1_1_06_EB463-507_FL46BLW10-48V-5N.m-DE_2__FL46BLW10-48V-5N.m-DE_2,1_1_06_EB463-507^FL46BLW10-48V-5N.m-DE(2)_FL46BLW10-48V-5N.m-DE (2),1,ACT_RS05,actuators.csv,RobStride 05 quasi-direct-drive actuator,RobStride 05,AiFitLab,https://aifitlab.com/products/robstride-05-motor,via `robstride05 v16 (2)`
1_1_06_EB463-509_FL46BLW10-48V-5N.m-DE_2__FL46BLW10-48V-5N.m-DE_2,1_1_06_EB463-509^FL46BLW10-48V-5N.m-DE(2)_FL46BLW10-48V-5N.m-DE (2),1,ACT_RS05,actuators.csv,RobStride 05 quasi-direct-drive actuator,RobStride 05,AiFitLab,https://aifitlab.com/products/robstride-05-motor,via `robstride05 v16 (2)`
1_1_31_EB463-510_FL46BLW10-48V-5N.m-DE_2__FL46BLW10-48V-5N.m-DE_2,1_1_31_EB463-510^FL46BLW10-48V-5N.m-DE(2)_FL46BLW10-48V-5N.m-DE (2),1,ACT_RS05,actuators.csv,RobStride 05 quasi-direct-drive actuator,RobStride 05,AiFitLab,https://aifitlab.com/products/robstride-05-motor,via `robstride05 v16 (2)`
1_2_05_000438_FL46BLW10-48V-5N.m-DE_2__FL46BLW10-48V-5N.m-DE_2,1_2_05_000438^FL46BLW10-48V-5N.m-DE(2)_FL46BLW10-48V-5N.m-DE (2),8,ACT_RS05,actuators.csv,RobStride 05 quasi-direct-drive actuator,RobStride 05,AiFitLab,https://aifitlab.com/products/robstride-05-motor,via `robstride05 v16 (2)`
1_2_05_000555_FL46BLW10-48V-5N.m-DE_2__FL46BLW10-48V-5N.m-DE_2,1_2_05_000555^FL46BLW10-48V-5N.m-DE(2)_FL46BLW10-48V-5N.m-DE (2),8,ACT_RS05,actuators.csv,RobStride 05 quasi-direct-drive actuator,RobStride 05,AiFitLab,https://aifitlab.com/products/robstride-05-motor,via `robstride05 v16 (2)`
1_2_05_000608_FL46BLW10-48V-5N.m-DE_2__FL46BLW10-48V-5N.m-DE_2,1_2_05_000608^FL46BLW10-48V-5N.m-DE(2)_FL46BLW10-48V-5N.m-DE (2),4,ACT_RS05,actuators.csv,RobStride 05 quasi-direct-drive actuator,RobStride 05,AiFitLab,https://aifitlab.com/products/robstride-05-motor,via `robstride05 v16 (2)`
1_2_05_020051_FL46BLW10-48V-5N.m-DE_2__FL46BLW10-48V-5N.m-DE_2,1_2_05_020051^FL46BLW10-48V-5N.m-DE(2)_FL46BLW10-48V-5N.m-DE (2),3,ACT_RS05,actuators.csv,RobStride 05 quasi-direct-drive actuator,RobStride 05,AiFitLab,https://aifitlab.com/products/robstride-05-motor,via `robstride05 v16 (2)`
1_2_16_001425_FL46BLW10-48V-5N.m-DE_2__FL46BLW10-48V-5N.m-DE_2,1_2_16_001425^FL46BLW10-48V-5N.m-DE(2)_FL46BLW10-48V-5N.m-DE (2),1,ACT_RS05,actuators.csv,RobStride 05 quasi-direct-drive actuator,RobStride 05,AiFitLab,https://aifitlab.com/products/robstride-05-motor,via `robstride05 v16 (2)`
schematics,schematics,1,,,,,,,sketch/section carrier; no manufacturing content
dovetail_umi_gripper,dovetail_umi_gripper,2,,,,,,,gripper part designed for this robot; no row in printed-parts.csv or cnc-parts.csv
CNC_arm13_x2_RS05_shaft_coupler,CNC_arm13_x2_RS05_shaft_coupler,2,,,,,,,"no BOM row; Fusion material `Aluminum 6061`, under `dovetail_umi_gripper`"
MANIFOLD_SOLID_BREP_102855,MANIFOLD_SOLID_BREP_102855,4,EL_SERVO_FEETECH,electronics.csv,"Feetech HL-3915-C001 12 V servo, 14.2 kg-cm",HL-3915-C001,AiFitLab,https://aifitlab.com/products/feetech-hl-3915-servo-motor?variant=44326557417608,via `FEETECH_HL_3915_Servo_Motor`
MANIFOLD_SOLID_BREP_102995,MANIFOLD_SOLID_BREP_102995,4,EL_SERVO_FEETECH,electronics.csv,"Feetech HL-3915-C001 12 V servo, 14.2 kg-cm",HL-3915-C001,AiFitLab,https://aifitlab.com/products/feetech-hl-3915-servo-motor?variant=44326557417608,via `FEETECH_HL_3915_Servo_Motor`
MANIFOLD_SOLID_BREP_103135,MANIFOLD_SOLID_BREP_103135,4,EL_SERVO_FEETECH,electronics.csv,"Feetech HL-3915-C001 12 V servo, 14.2 kg-cm",HL-3915-C001,AiFitLab,https://aifitlab.com/products/feetech-hl-3915-servo-motor?variant=44326557417608,via `FEETECH_HL_3915_Servo_Motor`
MANIFOLD_SOLID_BREP_103275,MANIFOLD_SOLID_BREP_103275,4,EL_SERVO_FEETECH,electronics.csv,"Feetech HL-3915-C001 12 V servo, 14.2 kg-cm",HL-3915-C001,AiFitLab,https://aifitlab.com/products/feetech-hl-3915-servo-motor?variant=44326557417608,via `FEETECH_HL_3915_Servo_Motor`
PHS_1_7X20_5_DC10_3_3,PHS_1_7X20_5_DC10_3_3,8,EL_SERVO_FEETECH,electronics.csv,"Feetech HL-3915-C001 12 V servo, 14.2 kg-cm",HL-3915-C001,AiFitLab,https://aifitlab.com/products/feetech-hl-3915-servo-motor?variant=44326557417608,via `FEETECH_HL_3915_Servo_Motor`
WJ-WK00-0412-TOPCABINET_74,WJ-WK00-0412-TOPCABINET_74,2,EL_SERVO_FEETECH,electronics.csv,"Feetech HL-3915-C001 12 V servo, 14.2 kg-cm",HL-3915-C001,AiFitLab,https://aifitlab.com/products/feetech-hl-3915-servo-motor?variant=44326557417608,via `FEETECH_HL_3915_Servo_Motor`
WJ-WK00-0413-MIDDLECASE_80,WJ-WK00-0413-MIDDLECASE_80,2,EL_SERVO_FEETECH,electronics.csv,"Feetech HL-3915-C001 12 V servo, 14.2 kg-cm",HL-3915-C001,AiFitLab,https://aifitlab.com/products/feetech-hl-3915-servo-motor?variant=44326557417608,via `FEETECH_HL_3915_Servo_Motor`
WJ-WK00-414-BOTTOMCASE_48,WJ-WK00-414-BOTTOMCASE_48,2,EL_SERVO_FEETECH,electronics.csv,"Feetech HL-3915-C001 12 V servo, 14.2 kg-cm",HL-3915-C001,AiFitLab,https://aifitlab.com/products/feetech-hl-3915-servo-motor?variant=44326557417608,via `FEETECH_HL_3915_Servo_Motor`
M2-10-6_2,M2-10-6_2,4,EL_SERVO_FEETECH,electronics.csv,"Feetech HL-3915-C001 12 V servo, 14.2 kg-cm",HL-3915-C001,AiFitLab,https://aifitlab.com/products/feetech-hl-3915-servo-motor?variant=44326557417608,via `FEETECH_HL_3915_Servo_Motor`
M2-4LOUSI_1,M2-4LOUSI_1,4,EL_SERVO_FEETECH,electronics.csv,"Feetech HL-3915-C001 12 V servo, 14.2 kg-cm",HL-3915-C001,AiFitLab,https://aifitlab.com/products/feetech-hl-3915-servo-motor?variant=44326557417608,via `FEETECH_HL_3915_Servo_Motor`
MF85ZZ_1,MF85ZZ_1,2,EL_SERVO_FEETECH,electronics.csv,"Feetech HL-3915-C001 12 V servo, 14.2 kg-cm",HL-3915-C001,AiFitLab,https://aifitlab.com/products/feetech-hl-3915-servo-motor?variant=44326557417608,via `FEETECH_HL_3915_Servo_Motor`
OUTPUTGEAR_40,OUTPUTGEAR_40,2,EL_SERVO_FEETECH,electronics.csv,"Feetech HL-3915-C001 12 V servo, 14.2 kg-cm",HL-3915-C001,AiFitLab,https://aifitlab.com/products/feetech-hl-3915-servo-motor?variant=44326557417608,via `FEETECH_HL_3915_Servo_Motor`
PCBA_1,PCBA_1,2,EL_SERVO_FEETECH,electronics.csv,"Feetech HL-3915-C001 12 V servo, 14.2 kg-cm",HL-3915-C001,AiFitLab,https://aifitlab.com/products/feetech-hl-3915-servo-motor?variant=44326557417608,via `FEETECH_HL_3915_Servo_Motor`
WJ-BB00-0235_HORN_22,WJ-BB00-0235_HORN_22,2,EL_SERVO_FEETECH,electronics.csv,"Feetech HL-3915-C001 12 V servo, 14.2 kg-cm",HL-3915-C001,AiFitLab,https://aifitlab.com/products/feetech-hl-3915-servo-motor?variant=44326557417608,via `FEETECH_HL_3915_Servo_Motor`
buck_converter_48_to_12,buck_converter_48_to_12,2,EL_BUCK_48V_12V,electronics.csv,48 V to 12 V buck converter,6.5V-60V To 5V/12V Dc,AliExpress,https://www.aliexpress.us/item/3256809688561615.html?spm=a2g0o.detail.0.0.4fd9AhcQAhcQuZ,
Board,Board,2,EL_SERVO_DRIVER,electronics.csv,"Waveshare serial bus servo driver board, ST/SC series",25514,Waveshare,https://www.waveshare.com/product/robotics/drivers-sensors/drivers/bus-servo-adapter-a.htm,via `wareshare_st_servo_controller v7`; Fusion name `wareshare_st_servo_controller`; BOM row is the Waveshare bus servo driver
User_Library-0603_SMD_Capacitor,User_Library-0603_SMD_Capacitor,14,EL_SERVO_DRIVER,electronics.csv,"Waveshare serial bus servo driver board, ST/SC series",25514,Waveshare,https://www.waveshare.com/product/robotics/drivers-sensors/drivers/bus-servo-adapter-a.htm,via `wareshare_st_servo_controller v7`; Fusion name `wareshare_st_servo_controller`; BOM row is the Waveshare bus servo driver
2_1_200,2_1_200,6,EL_SERVO_DRIVER,electronics.csv,"Waveshare serial bus servo driver board, ST/SC series",25514,Waveshare,https://www.waveshare.com/product/robotics/drivers-sensors/drivers/bus-servo-adapter-a.htm,via `wareshare_st_servo_controller v7`; Fusion name `wareshare_st_servo_controller`; BOM row is the Waveshare bus servo driver
3_1_2_A,3_1_2_A,6,EL_SERVO_DRIVER,electronics.csv,"Waveshare serial bus servo driver board, ST/SC series",25514,Waveshare,https://www.waveshare.com/product/robotics/drivers-sensors/drivers/bus-servo-adapter-a.htm,via `wareshare_st_servo_controller v7`; Fusion name `wareshare_st_servo_controller`; BOM row is the Waveshare bus servo driver
1_1_20001,_1_1_20001,6,EL_SERVO_DRIVER,electronics.csv,"Waveshare serial bus servo driver board, ST/SC series",25514,Waveshare,https://www.waveshare.com/product/robotics/drivers-sensors/drivers/bus-servo-adapter-a.htm,via `wareshare_st_servo_controller v7`; Fusion name `wareshare_st_servo_controller`; BOM row is the Waveshare bus servo driver
SOD323,SOD323,8,EL_SERVO_DRIVER,electronics.csv,"Waveshare serial bus servo driver board, ST/SC series",25514,Waveshare,https://www.waveshare.com/product/robotics/drivers-sensors/drivers/bus-servo-adapter-a.htm,via `wareshare_st_servo_controller v7`; Fusion name `wareshare_st_servo_controller`; BOM row is the Waveshare bus servo driver
dc-005-5a-20,dc-005-5a-20,2,EL_SERVO_DRIVER,electronics.csv,"Waveshare serial bus servo driver board, ST/SC series",25514,Waveshare,https://www.waveshare.com/product/robotics/drivers-sensors/drivers/bus-servo-adapter-a.htm,via `wareshare_st_servo_controller v7`; Fusion name `wareshare_st_servo_controller`; BOM row is the Waveshare bus servo driver
User_Library-DG350-3_5-02P,"User_Library-DG350-3,5-02P",2,EL_SERVO_DRIVER,electronics.csv,"Waveshare serial bus servo driver board, ST/SC series",25514,Waveshare,https://www.waveshare.com/product/robotics/drivers-sensors/drivers/bus-servo-adapter-a.htm,via `wareshare_st_servo_controller v7`; Fusion name `wareshare_st_servo_controller`; BOM row is the Waveshare bus servo driver
Extruded_3,Extruded (3),10,EL_SERVO_DRIVER,electronics.csv,"Waveshare serial bus servo driver board, ST/SC series",25514,Waveshare,https://www.waveshare.com/product/robotics/drivers-sensors/drivers/bus-servo-adapter-a.htm,via `wareshare_st_servo_controller v7`; Fusion name `wareshare_st_servo_controller`; BOM row is the Waveshare bus servo driver
Extruded_2,Extruded (2),18,EL_SERVO_DRIVER,electronics.csv,"Waveshare serial bus servo driver board, ST/SC series",25514,Waveshare,https://www.waveshare.com/product/robotics/drivers-sensors/drivers/bus-servo-adapter-a.htm,via `wareshare_st_servo_controller v7`; Fusion name `wareshare_st_servo_controller`; BOM row is the Waveshare bus servo driver
X2564WV-03-N0SN,X2564WV-03-N0SN,4,EL_SERVO_DRIVER,electronics.csv,"Waveshare serial bus servo driver board, ST/SC series",25514,Waveshare,https://www.waveshare.com/product/robotics/drivers-sensors/drivers/bus-servo-adapter-a.htm,via `wareshare_st_servo_controller v7`; Fusion name `wareshare_st_servo_controller`; BOM row is the Waveshare bus servo driver
Extruded_4,Extruded (4),2,EL_SERVO_DRIVER,electronics.csv,"Waveshare serial bus servo driver board, ST/SC series",25514,Waveshare,https://www.waveshare.com/product/robotics/drivers-sensors/drivers/bus-servo-adapter-a.htm,via `wareshare_st_servo_controller v7`; Fusion name `wareshare_st_servo_controller`; BOM row is the Waveshare bus servo driver
User_Library-LED_0603_R_Fillet,User_Library-LED_0603_R_Fillet,2,EL_SERVO_DRIVER,electronics.csv,"Waveshare serial bus servo driver board, ST/SC series",25514,Waveshare,https://www.waveshare.com/product/robotics/drivers-sensors/drivers/bus-servo-adapter-a.htm,via `wareshare_st_servo_controller v7`; Fusion name `wareshare_st_servo_controller`; BOM row is the Waveshare bus servo driver
User_Library-LED_0603_R_Pad004,User_Library-LED_0603_R_Pad004,2,EL_SERVO_DRIVER,electronics.csv,"Waveshare serial bus servo driver board, ST/SC series",25514,Waveshare,https://www.waveshare.com/product/robotics/drivers-sensors/drivers/bus-servo-adapter-a.htm,via `wareshare_st_servo_controller v7`; Fusion name `wareshare_st_servo_controller`; BOM row is the Waveshare bus servo driver
User_Library-LED_0603_R_Pad,User_Library-LED_0603_R_Pad,2,EL_SERVO_DRIVER,electronics.csv,"Waveshare serial bus servo driver board, ST/SC series",25514,Waveshare,https://www.waveshare.com/product/robotics/drivers-sensors/drivers/bus-servo-adapter-a.htm,via `wareshare_st_servo_controller v7`; Fusion name `wareshare_st_servo_controller`; BOM row is the Waveshare bus servo driver
User_Library-LED_0603_R_Pocket001,User_Library-LED_0603_R_Pocket001,2,EL_SERVO_DRIVER,electronics.csv,"Waveshare serial bus servo driver board, ST/SC series",25514,Waveshare,https://www.waveshare.com/product/robotics/drivers-sensors/drivers/bus-servo-adapter-a.htm,via `wareshare_st_servo_controller v7`; Fusion name `wareshare_st_servo_controller`; BOM row is the Waveshare bus servo driver
User_Library-LED_0603_R_Pocket002,User_Library-LED_0603_R_Pocket002,2,EL_SERVO_DRIVER,electronics.csv,"Waveshare serial bus servo driver board, ST/SC series",25514,Waveshare,https://www.waveshare.com/product/robotics/drivers-sensors/drivers/bus-servo-adapter-a.htm,via `wareshare_st_servo_controller v7`; Fusion name `wareshare_st_servo_controller`; BOM row is the Waveshare bus servo driver
User_Library-sop-8,User_Library-sop-8,2,EL_SERVO_DRIVER,electronics.csv,"Waveshare serial bus servo driver board, ST/SC series",25514,Waveshare,https://www.waveshare.com/product/robotics/drivers-sensors/drivers/bus-servo-adapter-a.htm,via `wareshare_st_servo_controller v7`; Fusion name `wareshare_st_servo_controller`; BOM row is the Waveshare bus servo driver
SOT-23,SOT-23,2,EL_SERVO_DRIVER,electronics.csv,"Waveshare serial bus servo driver board, ST/SC series",25514,Waveshare,https://www.waveshare.com/product/robotics/drivers-sensors/drivers/bus-servo-adapter-a.htm,via `wareshare_st_servo_controller v7`; Fusion name `wareshare_st_servo_controller`; BOM row is the Waveshare bus servo driver
5_1_2_3_400,5_1_2_3_400,18,EL_SERVO_DRIVER,electronics.csv,"Waveshare serial bus servo driver board, ST/SC series",25514,Waveshare,https://www.waveshare.com/product/robotics/drivers-sensors/drivers/bus-servo-adapter-a.htm,via `wareshare_st_servo_controller v7`; Fusion name `wareshare_st_servo_controller`; BOM row is the Waveshare bus servo driver
2_1_2_3_4_AF0,_2_1_2_3_4_AF0,18,EL_SERVO_DRIVER,electronics.csv,"Waveshare serial bus servo driver board, ST/SC series",25514,Waveshare,https://www.waveshare.com/product/robotics/drivers-sensors/drivers/bus-servo-adapter-a.htm,via `wareshare_st_servo_controller v7`; Fusion name `wareshare_st_servo_controller`; BOM row is the Waveshare bus servo driver
7_1_2_AF0,_7_1_2_AF0,18,EL_SERVO_DRIVER,electronics.csv,"Waveshare serial bus servo driver board, ST/SC series",25514,Waveshare,https://www.waveshare.com/product/robotics/drivers-sensors/drivers/bus-servo-adapter-a.htm,via `wareshare_st_servo_controller v7`; Fusion name `wareshare_st_servo_controller`; BOM row is the Waveshare bus servo driver
SOLID_1,SOLID (1),2,EL_SERVO_DRIVER,electronics.csv,"Waveshare serial bus servo driver board, ST/SC series",25514,Waveshare,https://www.waveshare.com/product/robotics/drivers-sensors/drivers/bus-servo-adapter-a.htm,via `wareshare_st_servo_controller v7`; Fusion name `wareshare_st_servo_controller`; BOM row is the Waveshare bus servo driver
SOLID_10,SOLID (10),2,EL_SERVO_DRIVER,electronics.csv,"Waveshare serial bus servo driver board, ST/SC series",25514,Waveshare,https://www.waveshare.com/product/robotics/drivers-sensors/drivers/bus-servo-adapter-a.htm,via `wareshare_st_servo_controller v7`; Fusion name `wareshare_st_servo_controller`; BOM row is the Waveshare bus servo driver
SOLID_11,SOLID (11),2,EL_SERVO_DRIVER,electronics.csv,"Waveshare serial bus servo driver board, ST/SC series",25514,Waveshare,https://www.waveshare.com/product/robotics/drivers-sensors/drivers/bus-servo-adapter-a.htm,via `wareshare_st_servo_controller v7`; Fusion name `wareshare_st_servo_controller`; BOM row is the Waveshare bus servo driver
SOLID_12,SOLID (12),2,EL_SERVO_DRIVER,electronics.csv,"Waveshare serial bus servo driver board, ST/SC series",25514,Waveshare,https://www.waveshare.com/product/robotics/drivers-sensors/drivers/bus-servo-adapter-a.htm,via `wareshare_st_servo_controller v7`; Fusion name `wareshare_st_servo_controller`; BOM row is the Waveshare bus servo driver
SOLID_13,SOLID (13),2,EL_SERVO_DRIVER,electronics.csv,"Waveshare serial bus servo driver board, ST/SC series",25514,Waveshare,https://www.waveshare.com/product/robotics/drivers-sensors/drivers/bus-servo-adapter-a.htm,via `wareshare_st_servo_controller v7`; Fusion name `wareshare_st_servo_controller`; BOM row is the Waveshare bus servo driver
SOLID_14,SOLID (14),2,EL_SERVO_DRIVER,electronics.csv,"Waveshare serial bus servo driver board, ST/SC series",25514,Waveshare,https://www.waveshare.com/product/robotics/drivers-sensors/drivers/bus-servo-adapter-a.htm,via `wareshare_st_servo_controller v7`; Fusion name `wareshare_st_servo_controller`; BOM row is the Waveshare bus servo driver
SOLID_15,SOLID (15),2,EL_SERVO_DRIVER,electronics.csv,"Waveshare serial bus servo driver board, ST/SC series",25514,Waveshare,https://www.waveshare.com/product/robotics/drivers-sensors/drivers/bus-servo-adapter-a.htm,via `wareshare_st_servo_controller v7`; Fusion name `wareshare_st_servo_controller`; BOM row is the Waveshare bus servo driver
SOLID_16,SOLID (16),2,EL_SERVO_DRIVER,electronics.csv,"Waveshare serial bus servo driver board, ST/SC series",25514,Waveshare,https://www.waveshare.com/product/robotics/drivers-sensors/drivers/bus-servo-adapter-a.htm,via `wareshare_st_servo_controller v7`; Fusion name `wareshare_st_servo_controller`; BOM row is the Waveshare bus servo driver
SOLID_17,SOLID (17),2,EL_SERVO_DRIVER,electronics.csv,"Waveshare serial bus servo driver board, ST/SC series",25514,Waveshare,https://www.waveshare.com/product/robotics/drivers-sensors/drivers/bus-servo-adapter-a.htm,via `wareshare_st_servo_controller v7`; Fusion name `wareshare_st_servo_controller`; BOM row is the Waveshare bus servo driver
SOLID_18,SOLID (18),2,EL_SERVO_DRIVER,electronics.csv,"Waveshare serial bus servo driver board, ST/SC series",25514,Waveshare,https://www.waveshare.com/product/robotics/drivers-sensors/drivers/bus-servo-adapter-a.htm,via `wareshare_st_servo_controller v7`; Fusion name `wareshare_st_servo_controller`; BOM row is the Waveshare bus servo driver
SOLID_19,SOLID (19),2,EL_SERVO_DRIVER,electronics.csv,"Waveshare serial bus servo driver board, ST/SC series",25514,Waveshare,https://www.waveshare.com/product/robotics/drivers-sensors/drivers/bus-servo-adapter-a.htm,via `wareshare_st_servo_controller v7`; Fusion name `wareshare_st_servo_controller`; BOM row is the Waveshare bus servo driver
SOLID_2,SOLID (2),2,EL_SERVO_DRIVER,electronics.csv,"Waveshare serial bus servo driver board, ST/SC series",25514,Waveshare,https://www.waveshare.com/product/robotics/drivers-sensors/drivers/bus-servo-adapter-a.htm,via `wareshare_st_servo_controller v7`; Fusion name `wareshare_st_servo_controller`; BOM row is the Waveshare bus servo driver
SOLID_20,SOLID (20),2,EL_SERVO_DRIVER,electronics.csv,"Waveshare serial bus servo driver board, ST/SC series",25514,Waveshare,https://www.waveshare.com/product/robotics/drivers-sensors/drivers/bus-servo-adapter-a.htm,via `wareshare_st_servo_controller v7`; Fusion name `wareshare_st_servo_controller`; BOM row is the Waveshare bus servo driver
SOLID_21,SOLID (21),2,EL_SERVO_DRIVER,electronics.csv,"Waveshare serial bus servo driver board, ST/SC series",25514,Waveshare,https://www.waveshare.com/product/robotics/drivers-sensors/drivers/bus-servo-adapter-a.htm,via `wareshare_st_servo_controller v7`; Fusion name `wareshare_st_servo_controller`; BOM row is the Waveshare bus servo driver
SOLID_3,SOLID (3),2,EL_SERVO_DRIVER,electronics.csv,"Waveshare serial bus servo driver board, ST/SC series",25514,Waveshare,https://www.waveshare.com/product/robotics/drivers-sensors/drivers/bus-servo-adapter-a.htm,via `wareshare_st_servo_controller v7`; Fusion name `wareshare_st_servo_controller`; BOM row is the Waveshare bus servo driver
SOLID_4,SOLID (4),2,EL_SERVO_DRIVER,electronics.csv,"Waveshare serial bus servo driver board, ST/SC series",25514,Waveshare,https://www.waveshare.com/product/robotics/drivers-sensors/drivers/bus-servo-adapter-a.htm,via `wareshare_st_servo_controller v7`; Fusion name `wareshare_st_servo_controller`; BOM row is the Waveshare bus servo driver
SOLID_5,SOLID (5),2,EL_SERVO_DRIVER,electronics.csv,"Waveshare serial bus servo driver board, ST/SC series",25514,Waveshare,https://www.waveshare.com/product/robotics/drivers-sensors/drivers/bus-servo-adapter-a.htm,via `wareshare_st_servo_controller v7`; Fusion name `wareshare_st_servo_controller`; BOM row is the Waveshare bus servo driver
SOLID_6,SOLID (6),2,EL_SERVO_DRIVER,electronics.csv,"Waveshare serial bus servo driver board, ST/SC series",25514,Waveshare,https://www.waveshare.com/product/robotics/drivers-sensors/drivers/bus-servo-adapter-a.htm,via `wareshare_st_servo_controller v7`; Fusion name `wareshare_st_servo_controller`; BOM row is the Waveshare bus servo driver
SOLID_7,SOLID (7),2,EL_SERVO_DRIVER,electronics.csv,"Waveshare serial bus servo driver board, ST/SC series",25514,Waveshare,https://www.waveshare.com/product/robotics/drivers-sensors/drivers/bus-servo-adapter-a.htm,via `wareshare_st_servo_controller v7`; Fusion name `wareshare_st_servo_controller`; BOM row is the Waveshare bus servo driver
SOLID_8,SOLID (8),2,EL_SERVO_DRIVER,electronics.csv,"Waveshare serial bus servo driver board, ST/SC series",25514,Waveshare,https://www.waveshare.com/product/robotics/drivers-sensors/drivers/bus-servo-adapter-a.htm,via `wareshare_st_servo_controller v7`; Fusion name `wareshare_st_servo_controller`; BOM row is the Waveshare bus servo driver
SOLID_9,SOLID (9),2,EL_SERVO_DRIVER,electronics.csv,"Waveshare serial bus servo driver board, ST/SC series",25514,Waveshare,https://www.waveshare.com/product/robotics/drivers-sensors/drivers/bus-servo-adapter-a.htm,via `wareshare_st_servo_controller v7`; Fusion name `wareshare_st_servo_controller`; BOM row is the Waveshare bus servo driver
SOLID,SOLID,2,EL_SERVO_DRIVER,electronics.csv,"Waveshare serial bus servo driver board, ST/SC series",25514,Waveshare,https://www.waveshare.com/product/robotics/drivers-sensors/drivers/bus-servo-adapter-a.htm,via `wareshare_st_servo_controller v7`; Fusion name `wareshare_st_servo_controller`; BOM row is the Waveshare bus servo driver
User_Library-QFN-16,User_Library-QFN-16,2,EL_SERVO_DRIVER,electronics.csv,"Waveshare serial bus servo driver board, ST/SC series",25514,Waveshare,https://www.waveshare.com/product/robotics/drivers-sensors/drivers/bus-servo-adapter-a.htm,via `wareshare_st_servo_controller v7`; Fusion name `wareshare_st_servo_controller`; BOM row is the Waveshare bus servo driver
User_Library-TO-223_1_1,User_Library-TO-223_1_1,2,EL_SERVO_DRIVER,electronics.csv,"Waveshare serial bus servo driver board, ST/SC series",25514,Waveshare,https://www.waveshare.com/product/robotics/drivers-sensors/drivers/bus-servo-adapter-a.htm,via `wareshare_st_servo_controller v7`; Fusion name `wareshare_st_servo_controller`; BOM row is the Waveshare bus servo driver
User_Library-TO-223_2_1,User_Library-TO-223_2_1,2,EL_SERVO_DRIVER,electronics.csv,"Waveshare serial bus servo driver board, ST/SC series",25514,Waveshare,https://www.waveshare.com/product/robotics/drivers-sensors/drivers/bus-servo-adapter-a.htm,via `wareshare_st_servo_controller v7`; Fusion name `wareshare_st_servo_controller`; BOM row is the Waveshare bus servo driver
User_Library-TO-223_3_1,User_Library-TO-223_3_1,2,EL_SERVO_DRIVER,electronics.csv,"Waveshare serial bus servo driver board, ST/SC series",25514,Waveshare,https://www.waveshare.com/product/robotics/drivers-sensors/drivers/bus-servo-adapter-a.htm,via `wareshare_st_servo_controller v7`; Fusion name `wareshare_st_servo_controller`; BOM row is the Waveshare bus servo driver
User_Library-TO-223_4_1,User_Library-TO-223_4_1,2,EL_SERVO_DRIVER,electronics.csv,"Waveshare serial bus servo driver board, ST/SC series",25514,Waveshare,https://www.waveshare.com/product/robotics/drivers-sensors/drivers/bus-servo-adapter-a.htm,via `wareshare_st_servo_controller v7`; Fusion name `wareshare_st_servo_controller`; BOM row is the Waveshare bus servo driver
User_Library-TO-223_5_1,User_Library-TO-223_5_1,2,EL_SERVO_DRIVER,electronics.csv,"Waveshare serial bus servo driver board, ST/SC series",25514,Waveshare,https://www.waveshare.com/product/robotics/drivers-sensors/drivers/bus-servo-adapter-a.htm,via `wareshare_st_servo_controller v7`; Fusion name `wareshare_st_servo_controller`; BOM row is the Waveshare bus servo driver
Extruded,Extruded,20,EL_SERVO_DRIVER,electronics.csv,"Waveshare serial bus servo driver board, ST/SC series",25514,Waveshare,https://www.waveshare.com/product/robotics/drivers-sensors/drivers/bus-servo-adapter-a.htm,via `wareshare_st_servo_controller v7`; Fusion name `wareshare_st_servo_controller`; BOM row is the Waveshare bus servo driver
Extruded_1,Extruded (1),4,EL_SERVO_DRIVER,electronics.csv,"Waveshare serial bus servo driver board, ST/SC series",25514,Waveshare,https://www.waveshare.com/product/robotics/drivers-sensors/drivers/bus-servo-adapter-a.htm,via `wareshare_st_servo_controller v7`; Fusion name `wareshare_st_servo_controller`; BOM row is the Waveshare bus servo driver
1_1_02_EB901-547_1_rotor,1_1_02_EB901-547_1_rotor,10,ACT_RS03,actuators.csv,RobStride 03 quasi-direct-drive actuator,RobStride 03,Amazon,https://www.amazon.com/RobStride-60N-m-Integrated-Actuator-Module/dp/B0GY8PJ1MF,via `Robstride 03 - no back cover`
1_1_06_EB903-537_1_1,1_1_06_EB903-537_1_1,10,ACT_RS03,actuators.csv,RobStride 03 quasi-direct-drive actuator,RobStride 03,Amazon,https://www.amazon.com/RobStride-60N-m-Integrated-Actuator-Module/dp/B0GY8PJ1MF,via `Robstride 03 - no back cover`
1_1_31_QT-942_1,1_1_31_QT-942_1,10,ACT_RS03,actuators.csv,RobStride 03 quasi-direct-drive actuator,RobStride 03,Amazon,https://www.amazon.com/RobStride-60N-m-Integrated-Actuator-Module/dp/B0GY8PJ1MF,via `Robstride 03 - no back cover`
1_2_04_635000_1_1,1_2_04_635000_1_1,10,ACT_RS03,actuators.csv,RobStride 03 quasi-direct-drive actuator,RobStride 03,Amazon,https://www.amazon.com/RobStride-60N-m-Integrated-Actuator-Module/dp/B0GY8PJ1MF,via `Robstride 03 - no back cover`
1_2_04_680902_1_1,1_2_04_680902_1_1,10,ACT_RS03,actuators.csv,RobStride 03 quasi-direct-drive actuator,RobStride 03,Amazon,https://www.amazon.com/RobStride-60N-m-Integrated-Actuator-Module/dp/B0GY8PJ1MF,via `Robstride 03 - no back cover`
1_2_05_130001_1_1,1_2_05_130001_1_1,30,ACT_RS03,actuators.csv,RobStride 03 quasi-direct-drive actuator,RobStride 03,Amazon,https://www.amazon.com/RobStride-60N-m-Integrated-Actuator-Module/dp/B0GY8PJ1MF,via `Robstride 03 - no back cover`
1_2_06_000004_AF0_1_1,1_2_06_000004_AF0_1_1,10,ACT_RS03,actuators.csv,RobStride 03 quasi-direct-drive actuator,RobStride 03,Amazon,https://www.amazon.com/RobStride-60N-m-Integrated-Actuator-Module/dp/B0GY8PJ1MF,via `Robstride 03 - no back cover`
1_3_03_000357_1_1,1_3_03_000357_1_1,10,ACT_RS03,actuators.csv,RobStride 03 quasi-direct-drive actuator,RobStride 03,Amazon,https://www.amazon.com/RobStride-60N-m-Integrated-Actuator-Module/dp/B0GY8PJ1MF,via `Robstride 03 - no back cover`
CORE,CORE,10,ACT_RS03,actuators.csv,RobStride 03 quasi-direct-drive actuator,RobStride 03,Amazon,https://www.amazon.com/RobStride-60N-m-Integrated-Actuator-Module/dp/B0GY8PJ1MF,via `Robstride 03 - no back cover`
PBC,PBC,10,ACT_RS03,actuators.csv,RobStride 03 quasi-direct-drive actuator,RobStride 03,Amazon,https://www.amazon.com/RobStride-60N-m-Integrated-Actuator-Module/dp/B0GY8PJ1MF,via `Robstride 03 - no back cover`
BACK_COVER1_1_06_EB903-538_1,BACK_COVER1_1_06_EB903-538_1,3,ACT_RS03,actuators.csv,RobStride 03 quasi-direct-drive actuator,RobStride 03,Amazon,https://www.amazon.com/RobStride-60N-m-Integrated-Actuator-Module/dp/B0GY8PJ1MF,via `Robstride 03 - full`
1_2_05_020108_1_1,1_2_05_020108_1_1,12,ACT_RS03,actuators.csv,RobStride 03 quasi-direct-drive actuator,RobStride 03,Amazon,https://www.amazon.com/RobStride-60N-m-Integrated-Actuator-Module/dp/B0GY8PJ1MF,via `Robstride 03 - full`
1_2_05_140095_1_1,1_2_05_140095_1_1,12,ACT_RS03,actuators.csv,RobStride 03 quasi-direct-drive actuator,RobStride 03,Amazon,https://www.amazon.com/RobStride-60N-m-Integrated-Actuator-Module/dp/B0GY8PJ1MF,via `Robstride 03 - full`
1_1_31_QT-1040_FL82BLW33-48V-35N.m_1__FL82BLW33-48V-35N.m_1_.STEP,1_1_31_QT-1040^FL82BLW33-48V-35N.m(tooling-version)(1)_FL82BLW33-48V-35N.m(tooling-version)(1).STEP,3,ACT_RS06,actuators.csv,RobStride 06 quasi-direct-drive actuator,RobStride 06,AiFitLab,https://aifitlab.com/products/robstride-06-motor,via `Robstride 06-No Back Cover`
1_1_06_EB823-507_AF0_1_1_06_EB823-509_ASM_FL82BLW33-48V-35N.m_1__FL82BLW33-48V-35N.m_1_.STEP,1_1_06_EB823-507_AF0^1_1_06_EB823-509_ASM_FL82BLW33-48V-35N.m(tooling-version)(1)_FL82BLW33-48V-35N.m(tooling-version)(1).STEP,3,ACT_RS06,actuators.csv,RobStride 06 quasi-direct-drive actuator,RobStride 06,AiFitLab,https://aifitlab.com/products/robstride-06-motor,via `Robstride 06-No Back Cover`
R06-ROTOR,R06-ROTOR,3,ACT_RS06,actuators.csv,RobStride 06 quasi-direct-drive actuator,RobStride 06,AiFitLab,https://aifitlab.com/products/robstride-06-motor,via `Robstride 06-No Back Cover`
half-bearing_35x44x5_6707_1.6kN_15g,half-bearing_35x44x5_6707_1.6kN_15g,38,FAS_BEARING_35X44X5,fasteners.csv,"Ball bearing, 35 x 44 x 5 mm",,Amazon,https://www.amazon.com/XIKE-6707-2RS-Bearings-35x44x5mm-Pre-Lubricated/dp/B09D2XN464/,"26 of this size modelled per transforms.csv: 22 fitted loose, 4 inside ACT_RS06 (bought with it); each is two `half-bearing` components, so qty_in_model 38 = 19 bearings"
weight,weight,3,ACT_RS06,actuators.csv,RobStride 06 quasi-direct-drive actuator,RobStride 06,AiFitLab,https://aifitlab.com/products/robstride-06-motor,via `Robstride 06-No Back Cover`
half-bearing_35x47x7_6807_4.0kN_29g,half-bearing_35x47x7_6807_4.0kN_29g,8,FAS_BEARING_35X47X7,fasteners.csv,"Ball bearing, 35 x 47 x 7 mm",,Amazon,https://www.amazon.com/XIKE-6807-2RS-Bearings-35x47x7mm-Pre-Lubricated/dp/B09D2ZHNPH/,"4 of this size modelled per transforms.csv, all fitted loose; each is two `half-bearing` components, so qty_in_model 8 = 4 bearings"
half-bearing_50x65x7_6810_6.1kN_52g,half-bearing_50x65x7_6810_6.1kN_52g,4,FAS_BEARING_50X65X7,fasteners.csv,"Ball bearing, 50 x 65 x 7 mm",,Amazon,https://www.amazon.com/uxcell-6810-2RS-Groove-Bearings-Double/dp/B082PYMQFL,"2 of this size modelled per transforms.csv, all fitted loose; each is two `half-bearing` components, so qty_in_model 4 = 2 bearings"
ankle_top_cover,ankle_top_cover,1,,,,,,,cover under `protections` (Fusion material Steel); not in printed-parts.csv
cables,cables,1,,,,,,,wiring harness lump; no single BOM row (see cables-connectors.csv and the wiring pages)
1_1_02_EB1201-501_1_1_1,1_1_02_EB1201-501_1_1_1,2,ACT_RS04,actuators.csv,RobStride 04 quasi-direct-drive actuator,RobStride 04,Amazon,https://www.amazon.com/RobStride-120N-m-Integrated-Actuator-Module/dp/B0GY8T32L9,via `robstride04`
1_1_06_EB1203-503_1_1_1,1_1_06_EB1203-503_1_1_1,2,ACT_RS04,actuators.csv,RobStride 04 quasi-direct-drive actuator,RobStride 04,Amazon,https://www.amazon.com/RobStride-120N-m-Integrated-Actuator-Module/dp/B0GY8T32L9,via `robstride04`
1_1_31_EB1203-505_1_1_1,1_1_31_EB1203-505_1_1_1,2,ACT_RS04,actuators.csv,RobStride 04 quasi-direct-drive actuator,RobStride 04,Amazon,https://www.amazon.com/RobStride-120N-m-Integrated-Actuator-Module/dp/B0GY8T32L9,via `robstride04`
1_2_04_618030_1_1_1,1_2_04_618030_1_1_1,2,ACT_RS04,actuators.csv,RobStride 04 quasi-direct-drive actuator,RobStride 04,Amazon,https://www.amazon.com/RobStride-120N-m-Integrated-Actuator-Module/dp/B0GY8T32L9,via `robstride04`
1_2_04_694000_1_1_1,1_2_04_694000_1_1_1,2,ACT_RS04,actuators.csv,RobStride 04 quasi-direct-drive actuator,RobStride 04,Amazon,https://www.amazon.com/RobStride-120N-m-Integrated-Actuator-Module/dp/B0GY8T32L9,via `robstride04`
1_2_05_000438_1_1_1,1_2_05_000438_1_1_1,8,ACT_RS04,actuators.csv,RobStride 04 quasi-direct-drive actuator,RobStride 04,Amazon,https://www.amazon.com/RobStride-120N-m-Integrated-Actuator-Module/dp/B0GY8T32L9,via `robstride04`
1_2_05_025081_1_1_1,1_2_05_025081_1_1_1,24,ACT_RS04,actuators.csv,RobStride 04 quasi-direct-drive actuator,RobStride 04,Amazon,https://www.amazon.com/RobStride-120N-m-Integrated-Actuator-Module/dp/B0GY8T32L9,via `robstride04`
1_2_05_025121_1_1_1,1_2_05_025121_1_1_1,24,ACT_RS04,actuators.csv,RobStride 04 quasi-direct-drive actuator,RobStride 04,Amazon,https://www.amazon.com/RobStride-120N-m-Integrated-Actuator-Module/dp/B0GY8T32L9,via `robstride04`
1_2_05_030050_1_1_1,1_2_05_030050_1_1_1,6,ACT_RS04,actuators.csv,RobStride 04 quasi-direct-drive actuator,RobStride 04,Amazon,https://www.amazon.com/RobStride-120N-m-Integrated-Actuator-Module/dp/B0GY8T32L9,via `robstride04`
1_2_05_QT-104_1_1_1,1_2_05_QT-104_1_1_1,2,ACT_RS04,actuators.csv,RobStride 04 quasi-direct-drive actuator,RobStride 04,Amazon,https://www.amazon.com/RobStride-120N-m-Integrated-Actuator-Module/dp/B0GY8T32L9,via `robstride04`
DIANJIBAN-2_SW0001_1_1_2_1,DIANJIBAN-2_SW0001_1_1_2_1,2,ACT_RS04,actuators.csv,RobStride 04 quasi-direct-drive actuator,RobStride 04,Amazon,https://www.amazon.com/RobStride-120N-m-Integrated-Actuator-Module/dp/B0GY8T32L9,via `robstride04`
1_21_121000046___61810_50__1_1,1_21_121000046___61810_50__1_1_,2,ACT_RS04,actuators.csv,RobStride 04 quasi-direct-drive actuator,RobStride 04,Amazon,https://www.amazon.com/RobStride-120N-m-Integrated-Actuator-Module/dp/B0GY8T32L9,via `robstride04`
1_21_121000047___7_1_1_1,1_21_121000047___7_1_1_1,2,ACT_RS04,actuators.csv,RobStride 04 quasi-direct-drive actuator,RobStride 04,Amazon,https://www.amazon.com/RobStride-120N-m-Integrated-Actuator-Module/dp/B0GY8T32L9,via `robstride04`
D19_1_1_1,D19_1_1_1,2,ACT_RS04,actuators.csv,RobStride 04 quasi-direct-drive actuator,RobStride 04,Amazon,https://www.amazon.com/RobStride-120N-m-Integrated-Actuator-Module/dp/B0GY8T32L9,via `robstride04`
ROTOR,ROTOR,2,ACT_RS04,actuators.csv,RobStride 04 quasi-direct-drive actuator,RobStride 04,Amazon,https://www.amazon.com/RobStride-120N-m-Integrated-Actuator-Module/dp/B0GY8T32L9,via `robstride04`
ZYDQHJ_1_1_1,ZYDQHJ_1_1_1,2,ACT_RS04,actuators.csv,RobStride 04 quasi-direct-drive actuator,RobStride 04,Amazon,https://www.amazon.com/RobStride-120N-m-Integrated-Actuator-Module/dp/B0GY8T32L9,via `robstride04`
PIS72-D6X_1_1_1,_PIS72-D6X_1_1_1,6,ACT_RS04,actuators.csv,RobStride 04 quasi-direct-drive actuator,RobStride 04,Amazon,https://www.amazon.com/RobStride-120N-m-Integrated-Actuator-Module/dp/B0GY8T32L9,via `robstride04`
SR_1__1,SR_1__1,2,ACT_RS04,actuators.csv,RobStride 04 quasi-direct-drive actuator,RobStride 04,Amazon,https://www.amazon.com/RobStride-120N-m-Integrated-Actuator-Module/dp/B0GY8T32L9,via `robstride04`
Component26,Component26,2,ACT_RS04,actuators.csv,RobStride 04 quasi-direct-drive actuator,RobStride 04,Amazon,https://www.amazon.com/RobStride-120N-m-Integrated-Actuator-Module/dp/B0GY8T32L9,via `robstride04`
